id,name,emails,address,birthdate
1,Ibrahim Arslan,ibrahimarslan@outlook.com;ibrahimarslan@hotmail.com;ibrahimarslan@boun.edu.tr,Kartal,1990-05-03
2,Huseyin Kose,huseyinkose@boun.edu.tr,Ankara,1974-05-18
3,Ahmet Celik,ahmetcelik@outlook.com;ahmetcelik@csystem.org,Maltepe,1968-03-16
4,Ahmet Yuce,ahmetyuce@boun.edu.tr;ahmetyuce@hotmail.com,Riva,1980-06-19
5,Ozlem Tan,ozlemtan@yahoo.com,Pendik,1973-06-05
6,Can Ozdemir,canozdemir@yahoo.com;canozdemir@hotmail.com;canozdemir@metu.edu.tr,Bursa,1952-12-30
7,Hasan Gunes,hasangunes@iyte.edu.tr,Esenler,1977-07-22
8,Tarik Ozkan,tarikozkan@gmail.com;tarikozkan@iyte.edu.tr;tarikozkan@outlook.com,Besiktas,1999-01-19
9,Ibrahim Gunes,ibrahimgunes@csystem.org,Sultangazi,1972-12-09
10,Pinar Cetin,pinarcetin@outlook.com;pinarcetin@iyte.edu.tr;pinarcetin@gmail.com;pinarcetin@boun.edu.tr;pinarcetin@hotmail.com,Umraniye,1998-07-13
11,Selin Celik,selincelik@hotmail.com;selincelik@outlook.com,Kayseri,1984-12-22
12,Burak Cetin,burakcetin@iyte.edu.tr;burakcetin@yahoo.com,Gaziantep,1995-07-01
13,Busra Demir,busrademir@yahoo.com;busrademir@csystem.org;busrademir@iyte.edu.tr;busrademir@hotmail.com;busrademir@boun.edu.tr,Riva,1985-08-16
14,Berk Tan,berktan@outlook.com;berktan@iyte.edu.tr;berktan@yahoo.com;berktan@gmail.com;berktan@hotmail.com,Sultangazi,1967-12-27
15,Mehmet Kurt,mehmetkurt@csystem.org;mehmetkurt@gmail.com;mehmetkurt@hotmail.com;mehmetkurt@metu.edu.tr,Bayrampaса,1954-06-21
16,Emre Güler,emreguler@boun.edu.tr;emreguler@iyte.edu.tr;emreguler@outlook.com;emreguler@hotmail.com,Kayseri,1993-09-17
17,Yusuf Bulut,yusufbulut@csystem.org;yusufbulut@iyte.edu.tr;yusufbulut@metu.edu.tr;yusufbulut@outlook.com;yusufbulut@boun.edu.tr,Samsun,1966-09-02
18,Hatice Aydin,haticeaydin@metu.edu.tr;haticeaydin@gmail.com;haticeaydin@boun.edu.tr;haticeaydin@iyte.edu.tr;haticeaydin@hotmail.com,Bakirkoy,1991-04-09
19,Fatma Ersoy,fatmaersoy@hotmail.com;fatmaersoy@outlook.com;fatmaersoy@boun.edu.tr;fatmaersoy@csystem.org;fatmaersoy@iyte.edu.tr,Kadikoy,1950-05-10
20,Meryem Yuce,meryemyuce@hotmail.com,Sariyer,1961-06-04
21,Sinan Tan,sinantan@hotmail.com;sinantan@yahoo.com;sinantan@outlook.com,Adana,1950-06-30
22,Burak Karan,burakkaran@yahoo.com;burakkaran@csystem.org;burakkaran@gmail.com,Esenler,1952-09-16
23,Derya Ay,deryaay@outlook.com;deryaay@hotmail.com;deryaay@yahoo.com;deryaay@boun.edu.tr;deryaay@gmail.com,Maltepe,1977-08-15
24,Emre Boz,emreboz@hotmail.com,Eyup,1952-01-03
25,Serkan Polat,serkanpolat@gmail.com;serkanpolat@hotmail.com,Bayrampaса,1990-12-09
26,Neslihan Celik,neslihancelik@metu.edu.tr,Sultangazi,1976-01-17
27,Mustafa Kose,mustafakose@yahoo.com;mustafakose@iyte.edu.tr,Gaziosmanpasa,1983-05-14
28,Leyla Koc,leylakoc@boun.edu.tr;leylakoc@hotmail.com;leylakoc@csystem.org,Umraniye,1958-04-19
29,Zeynep Polat,zeyneppolat@iyte.edu.tr;zeyneppolat@outlook.com;zeyneppolat@csystem.org;zeyneppolat@boun.edu.tr,Bursa,1963-10-31
30,Emine Aktas,emineaktas@iyte.edu.tr,Istanbul,1991-01-16
31,Ozlem Yuce,ozlemyuce@outlook.com;ozlemyuce@gmail.com,Izmir,1976-03-16
32,Ali Aktas,aliaktas@gmail.com,Esenler,1994-02-05
33,Kemal Demir,kemaldemir@outlook.com;kemaldemir@yahoo.com;kemaldemir@iyte.edu.tr;kemaldemir@metu.edu.tr;kemaldemir@hotmail.com,Besiktas,1969-04-29
34,Yusuf Erol,yusuferol@metu.edu.tr;yusuferol@hotmail.com;yusuferol@outlook.com;yusuferol@iyte.edu.tr;yusuferol@boun.edu.tr,Bursa,1995-02-24
35,Huseyin Ersoy,huseyinersoy@boun.edu.tr;huseyinersoy@outlook.com;huseyinersoy@metu.edu.tr,Esenler,1999-11-13
36,Ali Sahin,alisahin@boun.edu.tr,Kartal,1971-08-23
37,Kemal Sahin,kemalsahin@outlook.com;kemalsahin@hotmail.com,Besiktas,1953-03-18
38,Murat Aydin,murataydin@yahoo.com;murataydin@metu.edu.tr;murataydin@outlook.com;murataydin@hotmail.com,Esenler,1986-07-23
39,Mustafa Bozkurt,mustafabozkurt@hotmail.com;mustafabozkurt@gmail.com;mustafabozkurt@iyte.edu.tr;mustafabozkurt@csystem.org;mustafabozkurt@boun.edu.tr,Izmir,1993-01-19
40,Emine Koc,eminekoc@metu.edu.tr;eminekoc@outlook.com;eminekoc@hotmail.com;eminekoc@boun.edu.tr,Bayrampaса,1984-04-15
41,Ali Koc,alikoc@gmail.com;alikoc@outlook.com;alikoc@yahoo.com;alikoc@boun.edu.tr,Eskisehir,1971-11-11
42,Can Yuce,canyuce@yahoo.com;canyuce@hotmail.com;canyuce@metu.edu.tr;canyuce@boun.edu.tr,Ankara,1956-03-06
43,Ozlem Kose,ozlemkose@iyte.edu.tr,Ankara,1971-12-27
44,Ali Sen,alisen@yahoo.com;alisen@gmail.com;alisen@csystem.org;alisen@boun.edu.tr,Esenler,1983-11-25
45,Ayse Demir,aysedemir@hotmail.com;aysedemir@iyte.edu.tr;aysedemir@metu.edu.tr;aysedemir@outlook.com;aysedemir@gmail.com,Bayrampaса,1983-03-18
46,Neslihan Bulut,neslihanbulut@gmail.com;neslihanbulut@csystem.org;neslihanbulut@metu.edu.tr;neslihanbulut@outlook.com;neslihanbulut@yahoo.com,Eyup,1969-03-18
47,Meryem Guler,meryemguler@outlook.com;meryemguler@yahoo.com;meryemguler@metu.edu.tr,Antalya,1953-11-20
48,Derya Duman,deryaduman@hotmail.com;deryaduman@gmail.com;deryaduman@outlook.com,Maltepe,1987-12-05
49,Neslihan Sahin,neslihansahin@outlook.com,Kadikoy,1977-08-17
50,Meryem Aydin,meryemaydin@hotmail.com;meryemaydin@metu.edu.tr;meryemaydin@yahoo.com,Eskisehir,1990-12-01
51,Fatma Bozkurt,fatmabozkurt@csystem.org;fatmabozkurt@metu.edu.tr;fatmabozkurt@iyte.edu.tr;fatmabozkurt@boun.edu.tr;fatmabozkurt@gmail.com,Sariyer,1962-12-17
52,Leyla Polat,leylapolat@yahoo.com,Kayseri,1972-11-19
53,Ibrahim Sahin,ibrahimsahin@yahoo.com;ibrahimsahin@metu.edu.tr;ibrahimsahin@boun.edu.tr;ibrahimsahin@csystem.org;ibrahimsahin@hotmail.com,Pendik,1965-04-15
54,Kemal Guler,kemalguler@metu.edu.tr;kemalguler@yahoo.com;kemalguler@gmail.com,Izmir,1971-10-22
55,Can Tan,cantan@gmail.com,Trabzon,1964-08-07
56,Yusuf Erdogan,yusuferdogan@metu.edu.tr;yusuferdogan@csystem.org,Pendik,1958-01-02
57,Oguz Dogan,oguzdogan@yahoo.com,Besiktas,1976-11-28
58,Mehmet Cetin,mehmetcetin@yahoo.com;mehmetcetin@outlook.com;mehmetcetin@hotmail.com;mehmetcetin@gmail.com;mehmetcetin@metu.edu.tr,Samsun,1987-08-06
59,Mehmet Kaplan,mehmetkaplan@outlook.com;mehmetkaplan@iyte.edu.tr,Bursa,1990-10-24
60,Tarik Yuce,tarikyuce@yahoo.com;tarikyuce@hotmail.com;tarikyuce@boun.edu.tr;tarikyuce@iyte.edu.tr,Bayrampaса,1983-02-24
61,Cem Arslan,cemarslan@iyte.edu.tr;cemarslan@boun.edu.tr,Eyup,1961-07-30
62,Cem Bulut,cembulut@yahoo.com;cembulut@boun.edu.tr;cembulut@iyte.edu.tr,Bursa,1986-03-02
63,Berk Yilmaz,berkyilmaz@outlook.com;berkyilmaz@hotmail.com;berkyilmaz@metu.edu.tr;berkyilmaz@yahoo.com,Eskisehir,1975-05-21
64,Hatice Aktas,haticeaktas@outlook.com,Denizli,1988-09-08
65,Kemal Tan,kemaltan@csystem.org,Samsun,1997-03-15
66,Volkan Korkmaz,volkankorkmaz@iyte.edu.tr;volkankorkmaz@gmail.com;volkankorkmaz@boun.edu.tr;volkankorkmaz@yahoo.com;volkankorkmaz@hotmail.com,Uskudar,1975-06-17
67,Meryem Yilmaz,meryemyilmaz@boun.edu.tr,Samsun,1953-09-19
68,Emre Ersoy,emreersoy@hotmail.com;emreersoy@outlook.com;emreersoy@csystem.org;emreersoy@metu.edu.tr;emreersoy@yahoo.com,Ankara,1979-09-16
69,Can Karan,cankaran@outlook.com;cankaran@yahoo.com;cankaran@metu.edu.tr;cankaran@gmail.com;cankaran@boun.edu.tr,Maltepe,1996-03-19
70,Emre Dogan,emredogan@csystem.org;emredogan@iyte.edu.tr;emredogan@outlook.com,Trabzon,1974-03-06
71,Deniz Acar,denizacar@yahoo.com;denizacar@hotmail.com;denizacar@outlook.com;denizacar@iyte.edu.tr;denizacar@boun.edu.tr,Maltepe,1970-09-20
72,Neslihan Polat,neslihanpolat@gmail.com;neslihanpolat@yahoo.com;neslihanpolat@boun.edu.tr;neslihanpolat@hotmail.com,Mersin,1982-12-03
73,Ozlem Ozkan,ozlemozkan@metu.edu.tr;ozlemozkan@outlook.com;ozlemozkan@boun.edu.tr,Sariyer,1971-11-29
74,Elif Ay,elifay@yahoo.com;elifay@iyte.edu.tr;elifay@gmail.com;elifay@metu.edu.tr,Kadikoy,1979-08-15
75,Pinar Ozdemir,pinarozdemir@outlook.com,Sariyer,1977-01-05
76,Derya Aktas,deryaaktas@yahoo.com;deryaaktas@gmail.com,Ankara,1993-01-12
77,Emine Ucar,emineucar@hotmail.com;emineucar@outlook.com;emineucar@boun.edu.tr;emineucar@csystem.org;emineucar@metu.edu.tr,Pendik,1996-10-20
78,Berk Boz,berkboz@outlook.com;berkboz@hotmail.com;berkboz@iyte.edu.tr;berkboz@gmail.com,Bayrampaса,1973-07-13
79,Hatice Aslan,haticeaslan@metu.edu.tr;haticeaslan@gmail.com;haticeaslan@csystem.org;haticeaslan@hotmail.com;haticeaslan@boun.edu.tr,Riva,1970-01-28
80,Yusuf Duman,yusufduman@iyte.edu.tr;yusufduman@boun.edu.tr;yusufduman@outlook.com;yusufduman@csystem.org;yusufduman@metu.edu.tr,Sultangazi,1976-04-06
81,Leyla Bozkurt,leylabozkurt@metu.edu.tr;leylabozkurt@outlook.com,Kayseri,1968-07-30
82,Emine Tan,eminetan@metu.edu.tr;eminetan@iyte.edu.tr;eminetan@hotmail.com;eminetan@yahoo.com;eminetan@outlook.com,Izmir,1962-12-17
83,Selin Bulut,selinbulut@iyte.edu.tr;selinbulut@yahoo.com;selinbulut@csystem.org,Izmir,1960-07-08
84,Yusuf Ozturk,yusufozturk@boun.edu.tr;yusufozturk@iyte.edu.tr,Antalya,1952-11-03
85,Elif Demir,elifdemir@boun.edu.tr;elifdemir@yahoo.com;elifdemir@csystem.org;elifdemir@outlook.com,Mersin,1976-03-18
86,Ali Guler,aliguler@boun.edu.tr;aliguler@metu.edu.tr;aliguler@csystem.org;aliguler@gmail.com,Esenler,1984-06-04
87,Neslihan Gunes,neslihangunes@gmail.com;neslihangunes@yahoo.com;neslihangunes@boun.edu.tr;neslihangunes@outlook.com,Esenler,1955-02-23
88,Cem Kose,cemkose@outlook.com;cemkose@metu.edu.tr;cemkose@hotmail.com;cemkose@yahoo.com;cemkose@boun.edu.tr,Gaziosmanpasa,1959-04-08
89,Ahmet Gunes,ahmetgunes@boun.edu.tr;ahmetgunes@iyte.edu.tr;ahmetgunes@hotmail.com,Sultangazi,1985-10-14
90,Burak Aydin,burakaydin@gmail.com;burakaydin@outlook.com;burakaydin@csystem.org;burakaydin@iyte.edu.tr;burakaydin@metu.edu.tr,Izmir,1966-12-09
91,Can Aydin,canaydin@yahoo.com;canaydin@gmail.com;canaydin@metu.edu.tr;canaydin@outlook.com,Trabzon,1988-04-04
92,Elif Duman,elifduman@iyte.edu.tr;elifduman@boun.edu.tr;elifduman@outlook.com,Kayseri,1997-12-19
93,Cem Erdogan,cemerdogan@metu.edu.tr,Istanbul,1963-07-28
94,Sinan Kaya,sinankaya@outlook.com;sinankaya@iyte.edu.tr;sinankaya@gmail.com,Umraniye,1987-09-28
95,Mehmet Arslan,mehmetarslan@outlook.com;mehmetarslan@boun.edu.tr,Istanbul,1998-02-27
96,Pinar Ozturk,pinarozturk@yahoo.com;pinarozturk@outlook.com,Sariyer,1965-12-04
97,Ibrahim Erol,ibrahimerol@metu.edu.tr;ibrahimerol@iyte.edu.tr,Kayseri,1956-10-30
98,Serkan Koc,serkankoc@hotmail.com;serkankoc@boun.edu.tr;serkankoc@metu.edu.tr;serkankoc@yahoo.com;serkankoc@gmail.com,Uskudar,1975-03-25
99,Ahmet Polat,ahmetpolat@boun.edu.tr;ahmetpolat@outlook.com;ahmetpolat@iyte.edu.tr;ahmetpolat@hotmail.com;ahmetpolat@gmail.com,Uskudar,1962-01-30
100,Emine Sahin,eminesahin@hotmail.com;eminesahin@boun.edu.tr;eminesahin@csystem.org,Bagcilar,1976-12-17
101,Sinan Ersoy,sinanersoy@hotmail.com;sinanersoy@csystem.org;sinanersoy@iyte.edu.tr,Trabzon,1985-06-29
102,Oguz Tekin,oguztekin@hotmail.com;oguztekin@outlook.com;oguztekin@yahoo.com;oguztekin@boun.edu.tr,Pendik,1960-07-16
103,Omer Ersoy,omerersoy@csystem.org;omerersoy@metu.edu.tr,Bagcilar,1999-08-06
104,Sinan Ucar,sinanucar@boun.edu.tr;sinanucar@metu.edu.tr;sinanucar@iyte.edu.tr;sinanucar@csystem.org,Kayseri,1996-10-30
105,Emre Bulut,emrebulut@csystem.org,Bayrampaса,1953-10-20
106,Murat Bulut,muratbulut@boun.edu.tr;muratbulut@yahoo.com;muratbulut@gmail.com;muratbulut@outlook.com,Esenler,1995-11-13
107,Emre Aslan,emreaslan@outlook.com;emreaslan@yahoo.com;emreaslan@boun.edu.tr;emreaslan@iyte.edu.tr,Kayseri,1984-05-31
108,Gulsen Tan,gulsentan@gmail.com;gulsentan@csystem.org;gulsentan@hotmail.com;gulsentan@metu.edu.tr;gulsentan@iyte.edu.tr,Kartal,1986-03-03
109,Cem Boz,cemboz@outlook.com;cemboz@iyte.edu.tr;cemboz@metu.edu.tr;cemboz@boun.edu.tr;cemboz@csystem.org,Bagcilar,1998-08-04
110,Selin Aktas,selinaktas@outlook.com;selinaktas@yahoo.com;selinaktas@iyte.edu.tr;selinaktas@csystem.org,Samsun,1997-10-31
111,Selim Yuce,selimyuce@iyte.edu.tr;selimyuce@outlook.com;selimyuce@metu.edu.tr;selimyuce@csystem.org;selimyuce@yahoo.com,Samsun,1961-07-11
112,Burak Tan,buraktan@csystem.org;buraktan@hotmail.com;buraktan@gmail.com,Kartal,1989-01-12
113,Zeynep Kurt,zeynepkurt@yahoo.com,Gaziantep,1974-02-08
114,Elif Ucar,elifucar@csystem.org;elifucar@gmail.com;elifucar@hotmail.com,Eskisehir,1971-05-27
115,Hatice Cetin,haticecetin@csystem.org;haticecetin@gmail.com,Pendik,1953-12-28
116,Sinan Aydin,sinanaydin@gmail.com;sinanaydin@metu.edu.tr;sinanaydin@csystem.org,Eskisehir,1992-10-20
117,Yusuf Boz,yusufboz@gmail.com,Uskudar,1968-07-15
118,Selin Ucar,selinucar@metu.edu.tr;selinucar@yahoo.com;selinucar@hotmail.com;selinucar@gmail.com,Kayseri,1963-08-24
119,Selim Dogan,selimdogan@boun.edu.tr,Gaziosmanpasa,1979-09-22
120,Mustafa Erol,mustafaerol@yahoo.com,Antalya,1991-06-05
121,Hasan Bulut,hasanbulut@boun.edu.tr,Maltepe,1986-11-25
122,Gulsen Turk,gulsenturk@boun.edu.tr;gulsenturk@outlook.com,Eyup,1979-05-28
123,Murat Polat,muratpolat@boun.edu.tr;muratpolat@yahoo.com;muratpolat@csystem.org;muratpolat@iyte.edu.tr;muratpolat@gmail.com,Maltepe,1969-11-25
124,Huseyin Guler,huseyinguler@csystem.org;huseyinguler@iyte.edu.tr,Izmir,1967-12-10
125,Fatma Bulut,fatmabulut@hotmail.com;fatmabulut@metu.edu.tr,Istanbul,1956-07-05
126,Cem Bozkurt,cembozkurt@metu.edu.tr;cembozkurt@yahoo.com;cembozkurt@gmail.com;cembozkurt@hotmail.com;cembozkurt@boun.edu.tr,Pendik,1970-04-19
127,Selin Duman,selinduman@outlook.com,Eyup,1955-09-05
128,Meryem Sen,meryemsen@boun.edu.tr;meryemsen@gmail.com,Besiktas,1957-11-22
129,Hatice Ozturk,haticeozturk@yahoo.com;haticeozturk@gmail.com;haticeozturk@boun.edu.tr,Adana,1979-10-13
130,Derya Ozkan,deryaozkan@csystem.org;deryaozkan@outlook.com;deryaozkan@gmail.com;deryaozkan@boun.edu.tr;deryaozkan@yahoo.com,Pendik,1952-02-15
131,Deniz Tan,deniztan@metu.edu.tr;deniztan@outlook.com;deniztan@gmail.com;deniztan@csystem.org;deniztan@iyte.edu.tr,Bayrampaса,1993-04-18
132,Can Kurt,cankurt@csystem.org;cankurt@gmail.com;cankurt@boun.edu.tr;cankurt@hotmail.com;cankurt@iyte.edu.tr,Umraniye,1960-04-29
133,Busra Erol,busraerol@yahoo.com,Gaziosmanpasa,1970-03-06
134,Erhan Bozkurt,erhanbozkurt@yahoo.com;erhanbozkurt@csystem.org;erhanbozkurt@outlook.com,Bakirkoy,1955-09-18
135,Tolga Celik,tolgacelik@iyte.edu.tr;tolgacelik@outlook.com;tolgacelik@yahoo.com;tolgacelik@metu.edu.tr,Sariyer,1994-08-19
136,Huseyin Koc,huseyinkoc@boun.edu.tr;huseyinkoc@iyte.edu.tr;huseyinkoc@outlook.com,Eskisehir,1993-08-03
137,Deniz Yuce,denizyuce@metu.edu.tr,Izmir,1977-10-24
138,Emre Erdogan,emreerdogan@hotmail.com;emreerdogan@boun.edu.tr;emreerdogan@outlook.com,Esenler,1950-10-05
139,Volkan Karan,volkankaran@metu.edu.tr;volkankaran@outlook.com;volkankaran@gmail.com;volkankaran@hotmail.com;volkankaran@yahoo.com,Maltepe,1991-03-01
140,Tolga Bozkurt,tolgabozkurt@outlook.com,Kayseri,1954-02-11
141,Leyla Aydin,leylaaydin@metu.edu.tr;leylaaydin@iyte.edu.tr;leylaaydin@outlook.com,Bursa,1967-07-07
142,Ahmet Ozkan,ahmetozkan@yahoo.com;ahmetozkan@metu.edu.tr,Besiktas,1984-12-19
143,Oguz Yuce,oguzyuce@hotmail.com;oguzyuce@metu.edu.tr;oguzyuce@gmail.com;oguzyuce@outlook.com,Bursa,1983-07-31
144,Omer Boz,omerboz@csystem.org;omerboz@outlook.com;omerboz@boun.edu.tr,Gaziosmanpasa,1989-11-07
145,Emine Duman,emineduman@yahoo.com;emineduman@outlook.com;emineduman@hotmail.com;emineduman@csystem.org;emineduman@iyte.edu.tr,Esenler,1969-05-28
146,Mustafa Tan,mustafatan@iyte.edu.tr;mustafatan@boun.edu.tr;mustafatan@csystem.org;mustafatan@yahoo.com,Sultangazi,1986-07-24
147,Oguz Acar,oguzacar@metu.edu.tr;oguzacar@boun.edu.tr;oguzacar@hotmail.com,Riva,1953-10-16
148,Tarik Ozdemir,tarikozdemir@boun.edu.tr;tarikozdemir@outlook.com;tarikozdemir@yahoo.com;tarikozdemir@hotmail.com;tarikozdemir@csystem.org,Uskudar,1992-04-30
149,Berk Aktas,berkaktas@gmail.com;berkaktas@yahoo.com;berkaktas@iyte.edu.tr;berkaktas@outlook.com,Pendik,1996-10-24
150,Berk Gunes,berkgunes@metu.edu.tr;berkgunes@gmail.com,Antalya,1991-11-18
151,Volkan Sen,volkansen@hotmail.com;volkansen@boun.edu.tr;volkansen@outlook.com,Bursa,1953-05-30
152,Erhan Duman,erhanduman@yahoo.com,Mersin,1962-05-11
153,Omer Demir,omerdemir@csystem.org;omerdemir@yahoo.com;omerdemir@metu.edu.tr;omerdemir@outlook.com,Bakirkoy,1981-01-23
154,Hasan Ozdemir,hasanozdemir@boun.edu.tr;hasanozdemir@yahoo.com;hasanozdemir@iyte.edu.tr;hasanozdemir@outlook.com;hasanozdemir@gmail.com,Maltepe,1994-01-08
155,Mustafa Bulut,mustafabulut@outlook.com;mustafabulut@iyte.edu.tr;mustafabulut@gmail.com,Mersin,1999-05-19
156,Huseyin Sahin,huseyinsahin@yahoo.com;huseyinsahin@iyte.edu.tr;huseyinsahin@metu.edu.tr;huseyinsahin@gmail.com,Ankara,1955-03-18
157,Emre Kaya,emrekaya@iyte.edu.tr;emrekaya@yahoo.com;emrekaya@outlook.com,Antalya,1990-10-29
158,Emine Toprak,eminetoprak@yahoo.com;eminetoprak@hotmail.com;eminetoprak@boun.edu.tr;eminetoprak@gmail.com,Maltepe,1958-02-04
159,Berk Turk,berkturk@metu.edu.tr;berkturk@csystem.org,Antalya,1987-09-26
160,Hatice Duman,haticeduman@metu.edu.tr;haticeduman@yahoo.com;haticeduman@iyte.edu.tr,Istanbul,1983-03-10
161,Burak Acar,burakacar@yahoo.com;burakacar@gmail.com;burakacar@outlook.com;burakacar@metu.edu.tr;burakacar@csystem.org,Bakirkoy,1969-08-30
162,Can Erdogan,canerdogan@csystem.org;canerdogan@hotmail.com;canerdogan@outlook.com;canerdogan@iyte.edu.tr,Bursa,1976-07-14
163,Emine Gunes,eminegunes@iyte.edu.tr;eminegunes@csystem.org;eminegunes@yahoo.com;eminegunes@metu.edu.tr;eminegunes@gmail.com,Sultangazi,1962-07-06
164,Oguz Erol,oguzerol@metu.edu.tr,Sultangazi,1956-11-17
165,Gulsen Kaplan,gulsenkaplan@outlook.com;gulsenkaplan@csystem.org,Kayseri,1952-12-11
166,Yusuf Sahin,yusufsahin@csystem.org,Bagcilar,1975-11-24
167,Murat Yilmaz,muratyilmaz@iyte.edu.tr;muratyilmaz@metu.edu.tr;muratyilmaz@hotmail.com;muratyilmaz@gmail.com;muratyilmaz@yahoo.com,Trabzon,1993-05-28
168,Cem Aslan,cemaslan@yahoo.com;cemaslan@boun.edu.tr,Besiktas,1984-05-26
169,Serkan Toprak,serkantoprak@csystem.org;serkantoprak@boun.edu.tr;serkantoprak@hotmail.com;serkantoprak@yahoo.com;serkantoprak@outlook.com,Bagcilar,1999-02-28
170,Selin Ozdemir,selinozdemir@metu.edu.tr,Izmir,1998-06-29
171,Omer Aktas,omeraktas@iyte.edu.tr;omeraktas@gmail.com;omeraktas@outlook.com;omeraktas@boun.edu.tr,Kayseri,1993-12-05
172,Sinan Dogan,sinandogan@iyte.edu.tr;sinandogan@metu.edu.tr;sinandogan@boun.edu.tr;sinandogan@yahoo.com,Uskudar,1999-05-31
173,Berk Cetin,berkcetin@outlook.com,Gaziosmanpasa,1983-02-11
174,Ahmet Turk,ahmetturk@iyte.edu.tr;ahmetturk@csystem.org;ahmetturk@hotmail.com;ahmetturk@gmail.com;ahmetturk@outlook.com,Eyup,1978-05-30
175,Derya Tekin,deryatekin@yahoo.com,Ankara,1954-06-11
176,Mehmet Polat,mehmetpolat@hotmail.com;mehmetpolat@gmail.com;mehmetpolat@metu.edu.tr;mehmetpolat@csystem.org,Antalya,1984-08-26
177,Berk Duman,berkduman@boun.edu.tr;berkduman@csystem.org;berkduman@iyte.edu.tr,Kartal,1983-03-12
178,Omer Tekin,omertekin@metu.edu.tr,Maltepe,1971-08-03
179,Cem Tan,cemtan@iyte.edu.tr,Gaziantep,1980-01-11
180,Murat Bozkurt,muratbozkurt@iyte.edu.tr;muratbozkurt@gmail.com,Sariyer,1956-01-08
181,Serkan Kose,serkankose@gmail.com;serkankose@outlook.com;serkankose@yahoo.com,Gaziantep,1953-09-12
182,Ibrahim Duman,ibrahimduman@outlook.com,Bakirkoy,1970-01-23
183,Gulsen Arslan,gulsenarslan@iyte.edu.tr,Konya,1994-04-24
184,Leyla Guler,leylaguler@outlook.com;leylaguler@boun.edu.tr;leylaguler@hotmail.com;leylaguler@yahoo.com;leylaguler@iyte.edu.tr,Bagcilar,1992-05-11
185,Gulsen Karan,gulsenkaran@yahoo.com;gulsenkaran@hotmail.com;gulsenkaran@csystem.org,Kayseri,1952-12-24
186,Ayse Dogan,aysedogan@yahoo.com,Istanbul,1954-10-17
187,Tarik Bulut,tarikbulut@iyte.edu.tr;tarikbulut@gmail.com;tarikbulut@hotmail.com;tarikbulut@yahoo.com;tarikbulut@boun.edu.tr,Antalya,1953-09-18
188,Cem Toprak,cemtoprak@hotmail.com,Gaziosmanpasa,1958-02-19
189,Murat Cetin,muratcetin@hotmail.com;muratcetin@outlook.com;muratcetin@csystem.org;muratcetin@metu.edu.tr;muratcetin@gmail.com,Kartal,1973-10-04
190,Erhan Polat,erhanpolat@gmail.com;erhanpolat@metu.edu.tr;erhanpolat@outlook.com;erhanpolat@iyte.edu.tr,Mersin,1950-12-03
191,Huseyin Boz,huseyinboz@hotmail.com;huseyinboz@gmail.com;huseyinboz@yahoo.com;huseyinboz@csystem.org,Antalya,1983-09-23
192,Mustafa Aydin,mustafaaydin@iyte.edu.tr;mustafaaydin@outlook.com;mustafaaydin@csystem.org,Kadikoy,1978-08-01
193,Volkan Ozkan,volkanozkan@hotmail.com;volkanozkan@boun.edu.tr;volkanozkan@iyte.edu.tr;volkanozkan@gmail.com,Esenler,1955-08-01
194,Can Bozkurt,canbozkurt@boun.edu.tr;canbozkurt@yahoo.com,Sultangazi,1974-01-15
195,Burak Korkmaz,burakkorkmaz@hotmail.com;burakkorkmaz@yahoo.com;burakkorkmaz@outlook.com;burakkorkmaz@boun.edu.tr,Sariyer,1978-07-24
196,Meryem Cetin,meryemcetin@metu.edu.tr;meryemcetin@gmail.com,Izmir,1959-10-26
197,Hasan Celik,hasancelik@hotmail.com;hasancelik@iyte.edu.tr;hasancelik@boun.edu.tr;hasancelik@yahoo.com,Bagcilar,1969-01-27
198,Yusuf Yuce,yusufyuce@iyte.edu.tr,Sariyer,1993-11-15
199,Ibrahim Tekin,ibrahimtekin@boun.edu.tr;ibrahimtekin@metu.edu.tr;ibrahimtekin@iyte.edu.tr,Ankara,1986-04-21
200,Selin Ozkan,selinozkan@iyte.edu.tr;selinozkan@gmail.com;selinozkan@csystem.org,Kadikoy,1955-10-22
201,Elif Ozturk,elifozturk@outlook.com;elifozturk@boun.edu.tr;elifozturk@gmail.com;elifozturk@yahoo.com,Esenler,1970-09-20
202,Leyla Cetin,leylacetin@csystem.org,Uskudar,1986-11-22
203,Hatice Ersoy,haticeersoy@gmail.com;haticeersoy@csystem.org;haticeersoy@iyte.edu.tr;haticeersoy@yahoo.com;haticeersoy@metu.edu.tr,Adana,1953-03-16
204,Busra Polat,busrapolat@iyte.edu.tr;busrapolat@gmail.com;busrapolat@hotmail.com,Esenler,1985-09-02
205,Omer Erol,omererol@hotmail.com;omererol@metu.edu.tr;omererol@iyte.edu.tr;omererol@gmail.com,Izmir,2000-08-10
206,Erhan Guler,erhanguler@boun.edu.tr;erhanguler@outlook.com;erhanguler@yahoo.com;erhanguler@hotmail.com,Samsun,1998-04-09
207,Derya Kurt,deryakurt@hotmail.com;deryakurt@gmail.com;deryakurt@metu.edu.tr;deryakurt@iyte.edu.tr;deryakurt@boun.edu.tr,Sariyer,1951-05-12
208,Hasan Tan,hasantan@boun.edu.tr;hasantan@outlook.com;hasantan@csystem.org;hasantan@metu.edu.tr,Mersin,1976-06-18
209,Busra Guler,busraguler@hotmail.com;busraguler@yahoo.com;busraguler@outlook.com;busraguler@gmail.com;busraguler@boun.edu.tr,Sariyer,1985-08-07
210,Ozlem Boz,ozlemboz@csystem.org;ozlemboz@gmail.com;ozlemboz@hotmail.com;ozlemboz@outlook.com;ozlemboz@boun.edu.tr,Istanbul,1986-07-10
211,Elif Polat,elifpolat@yahoo.com;elifpolat@boun.edu.tr,Kayseri,1970-06-24
212,Selin Kurt,selinkurt@gmail.com,Gaziosmanpasa,1982-12-17
213,Can Aslan,canaslan@boun.edu.tr;canaslan@csystem.org,Pendik,1988-08-02
214,Hatice Ay,haticeay@iyte.edu.tr;haticeay@gmail.com;haticeay@outlook.com;haticeay@boun.edu.tr;haticeay@metu.edu.tr,Istanbul,1988-06-06
215,Burak Demir,burakdemir@boun.edu.tr;burakdemir@csystem.org;burakdemir@outlook.com,Pendik,1966-02-12
216,Cem Acar,cemacar@boun.edu.tr,Istanbul,1980-04-16
217,Emre Koc,emrekoc@metu.edu.tr;emrekoc@boun.edu.tr;emrekoc@iyte.edu.tr;emrekoc@yahoo.com;emrekoc@gmail.com,Mersin,1955-12-23
218,Huseyin Bulut,huseyinbulut@boun.edu.tr;huseyinbulut@csystem.org;huseyinbulut@gmail.com;huseyinbulut@outlook.com,Esenler,1953-05-10
219,Derya Ozdemir,deryaozdemir@iyte.edu.tr;deryaozdemir@boun.edu.tr,Adana,1989-09-23
220,Mustafa Ay,mustafaay@outlook.com,Bayrampaса,1955-03-17
221,Tarik Kaplan,tarikkaplan@outlook.com;tarikkaplan@gmail.com,Antalya,1966-09-17
222,Meryem Yildiz,meryemyildiz@yahoo.com;meryemyildiz@boun.edu.tr,Umraniye,1950-12-21
223,Mustafa Aslan,mustafaaslan@metu.edu.tr;mustafaaslan@boun.edu.tr;mustafaaslan@csystem.org;mustafaaslan@iyte.edu.tr,Riva,1990-03-21
224,Neslihan Turk,neslihanturk@iyte.edu.tr;neslihanturk@hotmail.com;neslihanturk@outlook.com,Izmir,1951-11-27
225,Selim Bozkurt,selimbozkurt@csystem.org;selimbozkurt@metu.edu.tr;selimbozkurt@gmail.com,Samsun,1985-02-17
226,Volkan Demir,volkandemir@metu.edu.tr;volkandemir@outlook.com;volkandemir@gmail.com,Ankara,1993-05-07
227,Serkan Acar,serkanacar@hotmail.com,Maltepe,1994-06-29
228,Gulsen Ay,gulsenay@metu.edu.tr;gulsenay@csystem.org;gulsenay@boun.edu.tr;gulsenay@gmail.com,Riva,1996-12-11
229,Neslihan Yildiz,neslihanyildiz@metu.edu.tr;neslihanyildiz@csystem.org;neslihanyildiz@hotmail.com,Ankara,1960-09-18
230,Murat Sahin,muratsahin@hotmail.com;muratsahin@csystem.org;muratsahin@iyte.edu.tr,Adana,1982-03-26
231,Mehmet Bulut,mehmetbulut@metu.edu.tr;mehmetbulut@csystem.org;mehmetbulut@boun.edu.tr;mehmetbulut@iyte.edu.tr,Adana,1994-05-13
232,Serkan Cetin,serkancetin@boun.edu.tr;serkancetin@outlook.com;serkancetin@yahoo.com,Sariyer,1961-01-12
233,Gulsen Kaya,gulsenkaya@hotmail.com;gulsenkaya@yahoo.com;gulsenkaya@gmail.com,Besiktas,1951-05-25
234,Berk Acar,berkacar@yahoo.com;berkacar@metu.edu.tr;berkacar@gmail.com,Uskudar,1989-08-07
235,Omer Kaplan,omerkaplan@boun.edu.tr;omerkaplan@hotmail.com;omerkaplan@csystem.org,Pendik,1960-07-10
236,Hasan Polat,hasanpolat@boun.edu.tr;hasanpolat@iyte.edu.tr;hasanpolat@yahoo.com;hasanpolat@hotmail.com;hasanpolat@gmail.com,Bakirkoy,1952-01-27
237,Can Ay,canay@gmail.com;canay@yahoo.com;canay@boun.edu.tr,Adana,1960-09-14
238,Elif Ozdemir,elifozdemir@outlook.com;elifozdemir@hotmail.com;elifozdemir@boun.edu.tr;elifozdemir@iyte.edu.tr,Izmir,1977-11-06
239,Selin Sahin,selinsahin@gmail.com;selinsahin@iyte.edu.tr;selinsahin@yahoo.com;selinsahin@csystem.org;selinsahin@hotmail.com,Maltepe,1968-11-30
240,Berk Ozturk,berkozturk@yahoo.com;berkozturk@boun.edu.tr,Pendik,1980-12-04
241,Pinar Koc,pinarkoc@gmail.com;pinarkoc@outlook.com;pinarkoc@yahoo.com;pinarkoc@hotmail.com,Riva,1993-10-27
242,Pinar Acar,pinaracar@outlook.com;pinaracar@csystem.org;pinaracar@hotmail.com;pinaracar@yahoo.com,Bagcilar,1950-03-26
243,Selim Yildiz,selimyildiz@metu.edu.tr;selimyildiz@outlook.com;selimyildiz@yahoo.com,Umraniye,1995-03-01
244,Berk Ay,berkay@boun.edu.tr;berkay@hotmail.com;berkay@metu.edu.tr;berkay@csystem.org;berkay@iyte.edu.tr,Esenler,2000-12-29
245,Meryem Kaya,meryemkaya@iyte.edu.tr;meryemkaya@csystem.org;meryemkaya@gmail.com;meryemkaya@boun.edu.tr,Esenler,1953-05-13
246,Ibrahim Acar,ibrahimacar@yahoo.com,Kayseri,1967-08-26
247,Murat Ay,muratay@boun.edu.tr;muratay@gmail.com,Eyup,1981-05-06
248,Hatice Bozkurt,haticebozkurt@gmail.com;haticebozkurt@outlook.com;haticebozkurt@metu.edu.tr,Denizli,1972-01-15
249,Volkan Cetin,volkancetin@boun.edu.tr;volkancetin@gmail.com,Samsun,1971-06-14
250,Hatice Arslan,haticearslan@hotmail.com;haticearslan@boun.edu.tr;haticearslan@iyte.edu.tr,Bakirkoy,1959-05-14
251,Kemal Ozturk,kemalozturk@gmail.com;kemalozturk@yahoo.com,Eyup,1973-07-23
252,Selim Aydin,selimaydin@metu.edu.tr;selimaydin@csystem.org;selimaydin@gmail.com;selimaydin@iyte.edu.tr,Istanbul,1952-10-02
253,Omer Yuce,omeryuce@boun.edu.tr;omeryuce@gmail.com;omeryuce@yahoo.com;omeryuce@hotmail.com;omeryuce@iyte.edu.tr,Bursa,1959-08-02
254,Ali Bulut,alibulut@metu.edu.tr;alibulut@gmail.com;alibulut@boun.edu.tr;alibulut@outlook.com,Maltepe,1968-12-20
255,Sinan Arslan,sinanarslan@outlook.com;sinanarslan@iyte.edu.tr;sinanarslan@hotmail.com;sinanarslan@yahoo.com;sinanarslan@metu.edu.tr,Istanbul,1983-12-03
256,Pinar Kaplan,pinarkaplan@boun.edu.tr;pinarkaplan@hotmail.com,Sariyer,1976-09-10
257,Hasan Toprak,hasantoprak@hotmail.com;hasantoprak@csystem.org;hasantoprak@boun.edu.tr,Kadikoy,1958-11-26
258,Volkan Yuce,volkanyuce@boun.edu.tr,Esenler,1956-08-21
259,Selim Yilmaz,selimyilmaz@iyte.edu.tr;selimyilmaz@yahoo.com;selimyilmaz@metu.edu.tr;selimyilmaz@gmail.com,Samsun,1987-01-02
260,Mustafa Kaplan,mustafakaplan@hotmail.com;mustafakaplan@boun.edu.tr,Uskudar,1976-01-26
261,Kemal Aydin,kemalaydin@iyte.edu.tr,Besiktas,1979-05-16
262,Kemal Aslan,kemalaslan@metu.edu.tr;kemalaslan@iyte.edu.tr;kemalaslan@hotmail.com;kemalaslan@boun.edu.tr,Izmir,1954-10-06
263,Burak Yilmaz,burakyilmaz@outlook.com;burakyilmaz@gmail.com;burakyilmaz@hotmail.com,Bayrampaса,1990-01-08
264,Deniz Kose,denizkose@csystem.org;denizkose@gmail.com;denizkose@iyte.edu.tr;denizkose@hotmail.com,Eskisehir,1986-06-15
265,Tarik Kaya,tarikkaya@csystem.org;tarikkaya@gmail.com;tarikkaya@yahoo.com,Mersin,1996-06-30
266,Deniz Bozkurt,denizbozkurt@iyte.edu.tr;denizbozkurt@hotmail.com;denizbozkurt@outlook.com;denizbozkurt@metu.edu.tr,Samsun,1958-11-02
267,Erhan Tan,erhantan@boun.edu.tr,Izmir,1981-02-21
268,Can Ozkan,canozkan@csystem.org;canozkan@yahoo.com,Bursa,1965-09-23
269,Hasan Kurt,hasankurt@csystem.org;hasankurt@outlook.com;hasankurt@metu.edu.tr,Pendik,1965-04-08
270,Can Koc,cankoc@iyte.edu.tr;cankoc@outlook.com;cankoc@gmail.com;cankoc@yahoo.com,Maltepe,1986-09-18
271,Ali Demir,alidemir@iyte.edu.tr;alidemir@csystem.org;alidemir@metu.edu.tr;alidemir@hotmail.com,Istanbul,1961-01-09
272,Omer Ozkan,omerozkan@gmail.com;omerozkan@hotmail.com;omerozkan@metu.edu.tr;omerozkan@boun.edu.tr,Umraniye,1953-02-21
273,Berk Erol,berkerol@yahoo.com,Sariyer,1960-08-10
274,Serkan Bozkurt,serkanbozkurt@yahoo.com,Kadikoy,1975-12-07
275,Serkan Korkmaz,serkankorkmaz@csystem.org;serkankorkmaz@hotmail.com;serkankorkmaz@gmail.com,Istanbul,1997-02-28
276,Ayse Boz,ayseboz@boun.edu.tr;ayseboz@csystem.org;ayseboz@gmail.com;ayseboz@yahoo.com;ayseboz@metu.edu.tr,Pendik,1981-05-14
277,Murat Guler,muratguler@csystem.org;muratguler@iyte.edu.tr;muratguler@outlook.com;muratguler@hotmail.com;muratguler@gmail.com,Antalya,1974-06-03
278,Ayse Bozkurt,aysebozkurt@iyte.edu.tr,Sariyer,1958-04-04
279,Tarik Demir,tarikdemir@csystem.org;tarikdemir@yahoo.com;tarikdemir@hotmail.com;tarikdemir@iyte.edu.tr;tarikdemir@boun.edu.tr,Kadikoy,1977-12-20
280,Hatice Dogan,haticedogan@yahoo.com;haticedogan@hotmail.com,Bagcilar,2000-09-26
281,Tolga Arslan,tolgaarslan@iyte.edu.tr;tolgaarslan@outlook.com;tolgaarslan@csystem.org,Antalya,1961-07-20
282,Pinar Celik,pinarcelik@csystem.org,Denizli,1989-06-27
283,Selim Toprak,selimtoprak@boun.edu.tr;selimtoprak@metu.edu.tr;selimtoprak@csystem.org;selimtoprak@gmail.com,Antalya,1957-07-06
284,Emre Demir,emredemir@metu.edu.tr;emredemir@iyte.edu.tr;emredemir@csystem.org;emredemir@yahoo.com,Antalya,1956-02-26
285,Leyla Sen,leylasen@yahoo.com;leylasen@outlook.com,Kadikoy,1962-09-28
286,Ali Dogan,alidogan@yahoo.com;alidogan@metu.edu.tr;alidogan@hotmail.com;alidogan@iyte.edu.tr;alidogan@boun.edu.tr,Eyup,1979-11-16
287,Hatice Kaplan,haticekaplan@csystem.org;haticekaplan@boun.edu.tr;haticekaplan@gmail.com;haticekaplan@yahoo.com;haticekaplan@hotmail.com,Bakirkoy,1980-04-20
288,Leyla Tan,leylatan@csystem.org;leylatan@metu.edu.tr,Besiktas,1973-08-09
289,Hasan Ay,hasanay@yahoo.com;hasanay@hotmail.com,Sariyer,1956-06-30
290,Pinar Ozkan,pinarozkan@gmail.com;pinarozkan@boun.edu.tr;pinarozkan@metu.edu.tr,Izmir,1958-09-09
291,Mehmet Erol,mehmeterol@outlook.com;mehmeterol@boun.edu.tr;mehmeterol@csystem.org,Mersin,1993-01-03
292,Pinar Arslan,pinararslan@csystem.org;pinararslan@iyte.edu.tr;pinararslan@yahoo.com;pinararslan@outlook.com,Konya,2000-02-19
293,Deniz Polat,denizpolat@hotmail.com;denizpolat@iyte.edu.tr;denizpolat@gmail.com;denizpolat@metu.edu.tr,Riva,2000-05-05
294,Cem Ucar,cemucar@outlook.com;cemucar@yahoo.com;cemucar@csystem.org;cemucar@hotmail.com,Trabzon,1983-01-31
295,Emre Kaplan,emrekaplan@yahoo.com;emrekaplan@boun.edu.tr;emrekaplan@metu.edu.tr;emrekaplan@csystem.org,Besiktas,1989-08-29
296,Huseyin Kurt,huseyinkurt@metu.edu.tr;huseyinkurt@gmail.com,Kayseri,1958-09-08
297,Omer Sahin,omersahin@csystem.org,Denizli,1953-06-03
298,Pinar Tekin,pinartekin@yahoo.com;pinartekin@boun.edu.tr,Trabzon,1980-06-22
299,Neslihan Kurt,neslihankurt@yahoo.com;neslihankurt@outlook.com,Kadikoy,1982-06-07
300,Burak Boz,burakboz@metu.edu.tr;burakboz@gmail.com;burakboz@boun.edu.tr,Denizli,1950-06-30
301,Volkan Duman,volkanduman@outlook.com;volkanduman@csystem.org,Samsun,1987-12-19
302,Ali Kaya,alikaya@metu.edu.tr;alikaya@csystem.org;alikaya@iyte.edu.tr,Sariyer,1992-06-10
303,Selim Acar,selimacar@gmail.com;selimacar@boun.edu.tr;selimacar@metu.edu.tr;selimacar@outlook.com;selimacar@hotmail.com,Bayrampaса,1993-01-27
304,Deniz Cetin,denizcetin@boun.edu.tr,Ankara,1952-11-08
305,Neslihan Yuce,neslihanyuce@iyte.edu.tr;neslihanyuce@csystem.org,Eskisehir,1955-01-05
306,Mustafa Gunes,mustafagunes@metu.edu.tr;mustafagunes@boun.edu.tr;mustafagunes@csystem.org;mustafagunes@yahoo.com;mustafagunes@gmail.com,Antalya,1950-02-05
307,Huseyin Korkmaz,huseyinkorkmaz@iyte.edu.tr;huseyinkorkmaz@csystem.org;huseyinkorkmaz@yahoo.com,Umraniye,1993-03-31
308,Omer Yildiz,omeryildiz@boun.edu.tr;omeryildiz@csystem.org;omeryildiz@gmail.com;omeryildiz@iyte.edu.tr;omeryildiz@metu.edu.tr,Antalya,1993-02-16
309,Kemal Ucar,kemalucar@metu.edu.tr;kemalucar@hotmail.com;kemalucar@csystem.org;kemalucar@iyte.edu.tr;kemalucar@boun.edu.tr,Trabzon,1992-05-26
310,Pinar Kurt,pinarkurt@boun.edu.tr;pinarkurt@csystem.org,Kartal,1982-09-28
311,Derya Sen,deryasen@metu.edu.tr;deryasen@iyte.edu.tr;deryasen@csystem.org,Eskisehir,1967-12-20
312,Selim Arslan,selimarslan@iyte.edu.tr;selimarslan@metu.edu.tr;selimarslan@gmail.com,Mersin,1978-01-18
313,Ozlem Polat,ozlempolat@metu.edu.tr,Kayseri,1972-05-05
314,Ozlem Erol,ozlemerol@gmail.com;ozlemerol@csystem.org,Gaziosmanpasa,1956-01-06
315,Fatma Toprak,fatmatoprak@boun.edu.tr;fatmatoprak@hotmail.com;fatmatoprak@iyte.edu.tr;fatmatoprak@metu.edu.tr;fatmatoprak@gmail.com,Uskudar,1996-07-26
316,Ibrahim Yildiz,ibrahimyildiz@metu.edu.tr,Trabzon,1966-12-22
317,Cem Ozturk,cemozturk@outlook.com;cemozturk@metu.edu.tr;cemozturk@csystem.org;cemozturk@iyte.edu.tr,Eyup,1988-02-09
318,Selim Kaya,selimkaya@outlook.com;selimkaya@csystem.org,Trabzon,1973-02-19
319,Berk Kurt,berkkurt@metu.edu.tr;berkkurt@csystem.org,Trabzon,1995-11-27
320,Sinan Kaplan,sinankaplan@metu.edu.tr;sinankaplan@hotmail.com;sinankaplan@boun.edu.tr,Kayseri,1994-11-05
321,Hatice Polat,haticepolat@outlook.com;haticepolat@iyte.edu.tr;haticepolat@boun.edu.tr,Gaziosmanpasa,1970-09-04
322,Emre Ucar,emreucar@csystem.org;emreucar@yahoo.com;emreucar@gmail.com,Uskudar,1992-10-16
323,Sinan Gunes,sinangunes@iyte.edu.tr;sinangunes@boun.edu.tr;sinangunes@hotmail.com;sinangunes@yahoo.com,Ankara,1978-12-17
324,Tarik Bozkurt,tarikbozkurt@metu.edu.tr;tarikbozkurt@hotmail.com;tarikbozkurt@boun.edu.tr,Sultangazi,1991-04-05
325,Pinar Sen,pinarsen@outlook.com;pinarsen@gmail.com,Sariyer,1956-07-09
326,Erhan Aktas,erhanaktas@gmail.com;erhanaktas@metu.edu.tr,Mersin,1976-04-19
327,Huseyin Aydin,huseyinaydin@yahoo.com,Mersin,1959-03-28
328,Selim Ucar,selimucar@csystem.org;selimucar@yahoo.com,Eskisehir,1968-11-11
329,Ali Celik,alicelik@outlook.com;alicelik@csystem.org;alicelik@iyte.edu.tr;alicelik@gmail.com;alicelik@hotmail.com,Mersin,1959-02-01
330,Ayse Yilmaz,ayseyilmaz@metu.edu.tr;ayseyilmaz@hotmail.com;ayseyilmaz@iyte.edu.tr;ayseyilmaz@yahoo.com,Bayrampaса,1998-03-13
331,Mehmet Karan,mehmetkaran@hotmail.com;mehmetkaran@yahoo.com;mehmetkaran@boun.edu.tr,Riva,1961-05-28
332,Sinan Toprak,sinantoprak@yahoo.com;sinantoprak@boun.edu.tr;sinantoprak@csystem.org;sinantoprak@outlook.com,Kayseri,1957-01-26
333,Zeynep Dogan,zeynepdogan@yahoo.com;zeynepdogan@iyte.edu.tr;zeynepdogan@outlook.com,Bakirkoy,1974-06-10
334,Meryem Aslan,meryemaslan@iyte.edu.tr,Bagcilar,1981-04-12
335,Selin Erol,selinerol@yahoo.com;selinerol@csystem.org,Esenler,1980-04-26
336,Deniz Ersoy,denizersoy@iyte.edu.tr;denizersoy@gmail.com;denizersoy@outlook.com;denizersoy@boun.edu.tr;denizersoy@hotmail.com,Antalya,1997-12-13
337,Selim Kurt,selimkurt@gmail.com;selimkurt@yahoo.com,Denizli,1984-05-01
338,Emine Bozkurt,eminebozkurt@iyte.edu.tr;eminebozkurt@yahoo.com;eminebozkurt@csystem.org,Kartal,1963-02-27
339,Neslihan Karan,neslihankaran@iyte.edu.tr;neslihankaran@metu.edu.tr;neslihankaran@hotmail.com,Ankara,1976-02-14
340,Derya Koc,deryakoc@csystem.org;deryakoc@iyte.edu.tr;deryakoc@gmail.com;deryakoc@yahoo.com,Samsun,1970-01-12
341,Pinar Aktas,pinaraktas@yahoo.com;pinaraktas@outlook.com,Antalya,1966-02-27
342,Burak Ozkan,burakozkan@boun.edu.tr;burakozkan@iyte.edu.tr;burakozkan@csystem.org,Eyup,1973-12-05
343,Selim Kose,selimkose@outlook.com;selimkose@iyte.edu.tr,Umraniye,1980-01-23
344,Gulsen Celik,gulsencelik@metu.edu.tr;gulsencelik@csystem.org;gulsencelik@iyte.edu.tr;gulsencelik@yahoo.com;gulsencelik@gmail.com,Eyup,1989-12-09
345,Neslihan Dogan,neslihandogan@outlook.com,Uskudar,1966-10-01
346,Sinan Ozturk,sinanozturk@iyte.edu.tr;sinanozturk@boun.edu.tr,Kadikoy,1960-03-23
347,Murat Dogan,muratdogan@metu.edu.tr;muratdogan@gmail.com,Bayrampaса,1976-03-30
348,Volkan Bozkurt,volkanbozkurt@metu.edu.tr,Antalya,1983-03-16
349,Volkan Tekin,volkantekin@gmail.com;volkantekin@csystem.org;volkantekin@outlook.com;volkantekin@yahoo.com,Kartal,1956-05-26
350,Ahmet Korkmaz,ahmetkorkmaz@gmail.com;ahmetkorkmaz@iyte.edu.tr;ahmetkorkmaz@hotmail.com,Uskudar,1993-12-16
351,Mustafa Yilmaz,mustafayilmaz@iyte.edu.tr;mustafayilmaz@metu.edu.tr;mustafayilmaz@gmail.com;mustafayilmaz@csystem.org,Ankara,1964-03-02
352,Mustafa Ucar,mustafaucar@csystem.org,Mersin,1985-09-02
353,Ayse Aydin,ayseaydin@iyte.edu.tr;ayseaydin@outlook.com;ayseaydin@boun.edu.tr;ayseaydin@metu.edu.tr,Denizli,1967-06-02
354,Hasan Kose,hasankose@iyte.edu.tr;hasankose@gmail.com,Adana,1994-03-27
355,Sinan Korkmaz,sinankorkmaz@yahoo.com;sinankorkmaz@iyte.edu.tr;sinankorkmaz@hotmail.com;sinankorkmaz@gmail.com;sinankorkmaz@csystem.org,Eskisehir,1950-01-11
356,Burak Kose,burakkose@boun.edu.tr;burakkose@metu.edu.tr;burakkose@hotmail.com;burakkose@iyte.edu.tr,Riva,1987-07-22
357,Tarik Ozturk,tarikozturk@outlook.com;tarikozturk@iyte.edu.tr;tarikozturk@gmail.com,Ankara,1974-10-12
358,Cem Turk,cemturk@outlook.com,Gaziantep,1986-09-20
359,Mustafa Sahin,mustafasahin@gmail.com;mustafasahin@outlook.com;mustafasahin@csystem.org;mustafasahin@metu.edu.tr;mustafasahin@hotmail.com,Kartal,1976-04-09
360,Mehmet Korkmaz,mehmetkorkmaz@outlook.com;mehmetkorkmaz@csystem.org;mehmetkorkmaz@hotmail.com;mehmetkorkmaz@gmail.com,Antalya,1986-01-25
361,Volkan Acar,volkanacar@iyte.edu.tr;volkanacar@csystem.org,Maltepe,1957-08-28
362,Derya Ozturk,deryaozturk@outlook.com;deryaozturk@metu.edu.tr;deryaozturk@yahoo.com;deryaozturk@iyte.edu.tr;deryaozturk@gmail.com,Besiktas,1980-01-05
363,Ozlem Aslan,ozlemaslan@metu.edu.tr;ozlemaslan@gmail.com;ozlemaslan@yahoo.com;ozlemaslan@outlook.com,Bagcilar,1988-01-12
364,Erhan Kurt,erhankurt@boun.edu.tr;erhankurt@hotmail.com;erhankurt@yahoo.com;erhankurt@outlook.com,Adana,1969-08-15
365,Burak Kaya,burakkaya@boun.edu.tr;burakkaya@outlook.com;burakkaya@csystem.org;burakkaya@iyte.edu.tr;burakkaya@hotmail.com,Denizli,1952-10-10
366,Emine Erdogan,emineerdogan@iyte.edu.tr;emineerdogan@metu.edu.tr,Izmir,1971-08-26
367,Zeynep Kaya,zeynepkaya@boun.edu.tr;zeynepkaya@iyte.edu.tr;zeynepkaya@csystem.org,Maltepe,1967-11-10
368,Mehmet Demir,mehmetdemir@outlook.com;mehmetdemir@metu.edu.tr,Gaziantep,1985-05-30
369,Kemal Polat,kemalpolat@outlook.com,Eyup,1987-06-23
370,Selim Bulut,selimbulut@outlook.com;selimbulut@metu.edu.tr;selimbulut@hotmail.com;selimbulut@csystem.org;selimbulut@yahoo.com,Umraniye,1969-03-24
371,Selin Gunes,selingunes@iyte.edu.tr;selingunes@yahoo.com;selingunes@boun.edu.tr;selingunes@metu.edu.tr,Kadikoy,1982-10-23
372,Tolga Duman,tolgaduman@metu.edu.tr,Umraniye,1961-04-04
373,Serkan Kurt,serkankurt@gmail.com;serkankurt@csystem.org;serkankurt@hotmail.com;serkankurt@iyte.edu.tr,Istanbul,2000-03-21
374,Ozlem Sen,ozlemsen@csystem.org;ozlemsen@hotmail.com;ozlemsen@boun.edu.tr;ozlemsen@yahoo.com,Konya,1975-08-30
375,Emine Boz,emineboz@iyte.edu.tr;emineboz@yahoo.com;emineboz@outlook.com;emineboz@metu.edu.tr;emineboz@csystem.org,Adana,1973-02-02
376,Tarik Koc,tarikkoc@metu.edu.tr;tarikkoc@hotmail.com,Eyup,1985-10-24
377,Erhan Yilmaz,erhanyilmaz@gmail.com,Umraniye,1989-10-18
378,Yusuf Aktas,yusufaktas@yahoo.com,Istanbul,1959-06-28
379,Ali Turk,aliturk@metu.edu.tr;aliturk@iyte.edu.tr;aliturk@outlook.com;aliturk@gmail.com;aliturk@csystem.org,Besiktas,1975-08-28
380,Leyla Tekin,leylatekin@gmail.com,Kadikoy,1963-04-02
381,Busra Kose,busrakose@gmail.com;busrakose@csystem.org;busrakose@iyte.edu.tr,Sariyer,1968-07-06
382,Erhan Ozturk,erhanozturk@outlook.com;erhanozturk@csystem.org,Kadikoy,2000-02-15
383,Meryem Kaplan,meryemkaplan@boun.edu.tr;meryemkaplan@gmail.com;meryemkaplan@yahoo.com,Denizli,1957-06-27
384,Burak Erol,burakerol@outlook.com;burakerol@yahoo.com,Sariyer,1956-10-09
385,Hasan Yilmaz,hasanyilmaz@boun.edu.tr,Denizli,1990-11-14
386,Berk Yuce,berkyuce@gmail.com;berkyuce@iyte.edu.tr;berkyuce@metu.edu.tr;berkyuce@hotmail.com,Izmir,1988-07-31
387,Tolga Ersoy,tolgaersoy@hotmail.com;tolgaersoy@csystem.org;tolgaersoy@gmail.com,Konya,2000-03-17
388,Elif Erol,eliferol@csystem.org;eliferol@gmail.com;eliferol@boun.edu.tr;eliferol@yahoo.com,Bayrampaса,1989-09-25
389,Sinan Erol,sinanerol@yahoo.com,Eyup,1976-02-11
390,Emre Arslan,emrearslan@yahoo.com;emrearslan@boun.edu.tr,Sultangazi,1985-02-01
391,Deniz Demir,denizdemir@yahoo.com;denizdemir@csystem.org;denizdemir@hotmail.com,Uskudar,1969-05-31
392,Berk Kose,berkkose@boun.edu.tr;berkkose@metu.edu.tr;berkkose@iyte.edu.tr,Antalya,1989-10-24
393,Hatice Demir,haticedemir@boun.edu.tr;haticedemir@metu.edu.tr;haticedemir@yahoo.com,Istanbul,1994-06-14
394,Busra Bozkurt,busrabozkurt@outlook.com;busrabozkurt@yahoo.com;busrabozkurt@csystem.org;busrabozkurt@metu.edu.tr,Mersin,1976-08-21
395,Ayse Sen,aysesen@hotmail.com;aysesen@boun.edu.tr;aysesen@csystem.org;aysesen@yahoo.com,Bagcilar,1963-06-03
396,Emine Demir,eminedemir@csystem.org,Antalya,1964-03-01
397,Serkan Sahin,serkansahin@gmail.com,Eskisehir,1991-08-30
398,Busra Sahin,busrasahin@hotmail.com;busrasahin@metu.edu.tr,Mersin,1990-10-26
399,Murat Yuce,muratyuce@boun.edu.tr;muratyuce@gmail.com;muratyuce@metu.edu.tr;muratyuce@iyte.edu.tr;muratyuce@yahoo.com,Besiktas,1974-05-27
400,Hasan Ozkan,hasanozkan@iyte.edu.tr;hasanozkan@boun.edu.tr;hasanozkan@outlook.com;hasanozkan@gmail.com;hasanozkan@yahoo.com,Mersin,1962-05-19
401,Berk Celik,berkcelik@outlook.com;berkcelik@csystem.org;berkcelik@boun.edu.tr;berkcelik@hotmail.com;berkcelik@metu.edu.tr,Adana,1960-11-10
402,Yusuf Tan,yusuftan@csystem.org;yusuftan@outlook.com;yusuftan@hotmail.com,Izmir,1963-10-02
403,Busra Tekin,busratekin@metu.edu.tr;busratekin@boun.edu.tr;busratekin@gmail.com,Samsun,1969-10-19
404,Meryem Bulut,meryembulut@outlook.com;meryembulut@metu.edu.tr;meryembulut@gmail.com;meryembulut@hotmail.com,Eskisehir,1978-08-14
405,Oguz Korkmaz,oguzkorkmaz@boun.edu.tr;oguzkorkmaz@metu.edu.tr;oguzkorkmaz@yahoo.com,Riva,1992-02-10
406,Kemal Ersoy,kemalersoy@yahoo.com;kemalersoy@metu.edu.tr;kemalersoy@boun.edu.tr;kemalersoy@csystem.org;kemalersoy@hotmail.com,Gaziosmanpasa,1977-03-30
407,Deniz Kurt,denizkurt@metu.edu.tr;denizkurt@csystem.org;denizkurt@hotmail.com,Trabzon,1986-09-19
408,Zeynep Sen,zeynepsen@yahoo.com;zeynepsen@iyte.edu.tr;zeynepsen@csystem.org;zeynepsen@gmail.com;zeynepsen@outlook.com,Pendik,1967-06-13
409,Elif Bozkurt,elifbozkurt@hotmail.com;elifbozkurt@boun.edu.tr;elifbozkurt@outlook.com,Sariyer,1998-02-08
410,Tolga Aydin,tolgaaydin@outlook.com;tolgaaydin@yahoo.com;tolgaaydin@iyte.edu.tr,Antalya,1998-10-16
411,Can Gunes,cangunes@metu.edu.tr,Maltepe,1987-09-16
412,Selim Sen,selimsen@boun.edu.tr;selimsen@csystem.org;selimsen@gmail.com;selimsen@yahoo.com,Pendik,1970-04-18
413,Sinan Ozkan,sinanozkan@hotmail.com,Umraniye,1972-12-16
414,Emine Kaplan,eminekaplan@gmail.com;eminekaplan@csystem.org,Bakirkoy,1957-01-12
415,Deniz Ozdemir,denizozdemir@hotmail.com;denizozdemir@gmail.com;denizozdemir@boun.edu.tr;denizozdemir@yahoo.com,Konya,1993-12-10
416,Volkan Toprak,volkantoprak@outlook.com;volkantoprak@metu.edu.tr;volkantoprak@yahoo.com;volkantoprak@boun.edu.tr;volkantoprak@csystem.org,Umraniye,1986-07-10
417,Ozlem Ay,ozlemay@iyte.edu.tr;ozlemay@gmail.com,Gaziosmanpasa,1969-11-16
418,Huseyin Acar,huseyinacar@hotmail.com;huseyinacar@gmail.com;huseyinacar@iyte.edu.tr;huseyinacar@metu.edu.tr,Samsun,1993-05-03
419,Burak Guler,burakguler@metu.edu.tr;burakguler@yahoo.com;burakguler@outlook.com;burakguler@gmail.com;burakguler@iyte.edu.tr,Kartal,1987-05-26
420,Murat Kurt,muratkurt@csystem.org,Ankara,1959-09-08
421,Erhan Aslan,erhanaslan@yahoo.com;erhanaslan@metu.edu.tr;erhanaslan@csystem.org;erhanaslan@outlook.com;erhanaslan@iyte.edu.tr,Konya,1991-07-11
422,Deniz Aslan,denizaslan@boun.edu.tr;denizaslan@outlook.com,Istanbul,1967-09-09
423,Pinar Yildiz,pinaryildiz@boun.edu.tr;pinaryildiz@outlook.com;pinaryildiz@gmail.com;pinaryildiz@hotmail.com,Gaziantep,1994-06-02
424,Sinan Aslan,sinanaslan@iyte.edu.tr;sinanaslan@hotmail.com;sinanaslan@outlook.com,Bursa,1968-10-18
425,Meryem Boz,meryemboz@iyte.edu.tr;meryemboz@csystem.org;meryemboz@outlook.com;meryemboz@boun.edu.tr;meryemboz@metu.edu.tr,Uskudar,1960-04-15
426,Ibrahim Kaplan,ibrahimkaplan@metu.edu.tr;ibrahimkaplan@csystem.org;ibrahimkaplan@hotmail.com,Sultangazi,1993-01-14
427,Derya Turk,deryaturk@hotmail.com;deryaturk@iyte.edu.tr;deryaturk@metu.edu.tr;deryaturk@yahoo.com;deryaturk@gmail.com,Konya,1997-10-28
428,Derya Dogan,deryadogan@iyte.edu.tr;deryadogan@metu.edu.tr,Antalya,1967-05-24
429,Volkan Gunes,volkangunes@yahoo.com;volkangunes@csystem.org;volkangunes@outlook.com;volkangunes@iyte.edu.tr,Adana,1977-08-16
430,Tolga Kose,tolgakose@yahoo.com;tolgakose@outlook.com,Eskisehir,1990-09-12
431,Yusuf Aslan,yusufaslan@metu.edu.tr;yusufaslan@csystem.org;yusufaslan@gmail.com,Esenler,1995-03-31
432,Tarik Karan,tarikkaran@yahoo.com;tarikkaran@hotmail.com;tarikkaran@outlook.com;tarikkaran@csystem.org,Kadikoy,1953-08-03
433,Tolga Tekin,tolgatekin@boun.edu.tr;tolgatekin@iyte.edu.tr;tolgatekin@outlook.com;tolgatekin@metu.edu.tr,Adana,1971-02-08
434,Hasan Erol,hasanerol@outlook.com,Eskisehir,1993-01-11
435,Mehmet Tan,mehmettan@csystem.org;mehmettan@hotmail.com,Umraniye,1960-06-19
436,Tolga Yuce,tolgayuce@hotmail.com;tolgayuce@csystem.org;tolgayuce@gmail.com;tolgayuce@yahoo.com;tolgayuce@boun.edu.tr,Besiktas,1989-05-17
437,Mehmet Bozkurt,mehmetbozkurt@outlook.com;mehmetbozkurt@metu.edu.tr;mehmetbozkurt@gmail.com;mehmetbozkurt@hotmail.com;mehmetbozkurt@yahoo.com,Esenler,1985-12-27
438,Hasan Bozkurt,hasanbozkurt@outlook.com,Gaziantep,1970-12-03
439,Ozlem Kaplan,ozlemkaplan@boun.edu.tr;ozlemkaplan@hotmail.com;ozlemkaplan@csystem.org;ozlemkaplan@metu.edu.tr;ozlemkaplan@iyte.edu.tr,Sultangazi,1972-09-02
440,Elif Kaya,elifkaya@iyte.edu.tr;elifkaya@csystem.org;elifkaya@yahoo.com;elifkaya@boun.edu.tr;elifkaya@hotmail.com,Trabzon,1952-12-21
441,Selin Acar,selinacar@csystem.org;selinacar@boun.edu.tr;selinacar@metu.edu.tr;selinacar@gmail.com;selinacar@hotmail.com,Umraniye,1954-06-08
442,Cem Kaya,cemkaya@yahoo.com;cemkaya@iyte.edu.tr;cemkaya@hotmail.com,Konya,1976-10-07
443,Omer Kurt,omerkurt@boun.edu.tr;omerkurt@outlook.com,Antalya,1978-06-29
444,Neslihan Tan,neslihantan@boun.edu.tr;neslihantan@outlook.com;neslihantan@gmail.com;neslihantan@iyte.edu.tr,Denizli,1971-05-02
445,Volkan Tan,volkantan@metu.edu.tr;volkantan@outlook.com;volkantan@yahoo.com,Uskudar,1982-04-26
446,Oguz Celik,oguzcelik@iyte.edu.tr;oguzcelik@boun.edu.tr;oguzcelik@gmail.com;oguzcelik@csystem.org,Denizli,1950-08-22
447,Elif Ersoy,elifersoy@metu.edu.tr;elifersoy@yahoo.com,Trabzon,1959-10-01
448,Leyla Erol,leylaerol@metu.edu.tr;leylaerol@boun.edu.tr,Trabzon,1953-11-17
449,Ali Yilmaz,aliyilmaz@metu.edu.tr,Istanbul,1982-12-23
450,Ibrahim Koc,ibrahimkoc@metu.edu.tr;ibrahimkoc@gmail.com;ibrahimkoc@outlook.com;ibrahimkoc@hotmail.com,Pendik,1988-05-27
451,Yusuf Polat,yusufpolat@csystem.org;yusufpolat@gmail.com,Bakirkoy,1996-01-08
452,Serkan Erdogan,serkanerdogan@iyte.edu.tr,Sariyer,2000-12-27
453,Fatma Kaya,fatmakaya@csystem.org;fatmakaya@iyte.edu.tr;fatmakaya@boun.edu.tr;fatmakaya@hotmail.com,Mersin,1998-09-09
454,Hasan Sahin,hasansahin@outlook.com,Gaziosmanpasa,1994-02-23
455,Ozlem Aktas,ozlemaktas@metu.edu.tr;ozlemaktas@gmail.com;ozlemaktas@boun.edu.tr;ozlemaktas@yahoo.com;ozlemaktas@iyte.edu.tr,Esenler,1958-09-22
456,Selim Demir,selimdemir@boun.edu.tr;selimdemir@gmail.com,Kartal,1961-12-07
457,Emre Cetin,emrecetin@yahoo.com;emrecetin@outlook.com;emrecetin@hotmail.com,Bakirkoy,1955-08-26
458,Erhan Erol,erhanerol@yahoo.com,Riva,1960-08-27
459,Tarik Guler,tarikguler@boun.edu.tr;tarikguler@csystem.org,Sariyer,1992-12-17
460,Yusuf Dogan,yusufdogan@boun.edu.tr;yusufdogan@yahoo.com;yusufdogan@outlook.com;yusufdogan@metu.edu.tr;yusufdogan@hotmail.com,Konya,1993-12-19
461,Busra Celik,busracelik@csystem.org;busracelik@boun.edu.tr,Pendik,1961-03-15
462,Elif Toprak,eliftoprak@outlook.com;eliftoprak@iyte.edu.tr;eliftoprak@metu.edu.tr;eliftoprak@yahoo.com;eliftoprak@gmail.com,Bagcilar,1963-03-25
463,Berk Dogan,berkdogan@metu.edu.tr;berkdogan@iyte.edu.tr,Maltepe,2000-09-21
464,Mustafa Toprak,mustafatoprak@iyte.edu.tr,Eyup,1988-05-12
465,Emre Aydin,emreaydin@boun.edu.tr;emreaydin@yahoo.com;emreaydin@csystem.org;emreaydin@hotmail.com,Umraniye,1966-10-07
466,Ahmet Sen,ahmetsen@gmail.com,Kayseri,1980-06-17
467,Elif Yilmaz,elifyilmaz@boun.edu.tr,Kadikoy,1958-11-27
468,Selin Ay,selinay@boun.edu.tr;selinay@iyte.edu.tr;selinay@outlook.com;selinay@gmail.com,Bakirkoy,1954-05-31
469,Sinan Kose,sinankose@yahoo.com;sinankose@metu.edu.tr;sinankose@gmail.com;sinankose@boun.edu.tr;sinankose@iyte.edu.tr,Kadikoy,1979-10-13
470,Sinan Kurt,sinankurt@hotmail.com;sinankurt@yahoo.com;sinankurt@iyte.edu.tr;sinankurt@outlook.com,Kartal,1958-02-14
471,Emine Kaya,eminekaya@hotmail.com;eminekaya@outlook.com,Bursa,1963-06-21
472,Burak Turk,burakturk@gmail.com;burakturk@yahoo.com;burakturk@iyte.edu.tr;burakturk@hotmail.com;burakturk@metu.edu.tr,Istanbul,1959-03-20
473,Yusuf Karan,yusufkaran@metu.edu.tr;yusufkaran@yahoo.com,Kadikoy,1975-09-20
474,Erhan Erdogan,erhanerdogan@iyte.edu.tr;erhanerdogan@hotmail.com,Kartal,1973-07-10
475,Busra Dogan,busradogan@iyte.edu.tr,Bagcilar,1971-01-28
476,Erhan Demir,erhandemir@hotmail.com;erhandemir@outlook.com;erhandemir@boun.edu.tr,Kadikoy,1977-09-17
477,Serkan Kaya,serkankaya@yahoo.com;serkankaya@metu.edu.tr;serkankaya@hotmail.com;serkankaya@boun.edu.tr,Umraniye,1954-12-29
478,Huseyin Erol,huseyinerol@outlook.com,Kartal,1965-07-16
479,Emine Yilmaz,emineyilmaz@iyte.edu.tr;emineyilmaz@outlook.com;emineyilmaz@hotmail.com;emineyilmaz@metu.edu.tr,Eyup,1969-01-17
480,Mehmet Yuce,mehmetyuce@outlook.com;mehmetyuce@yahoo.com;mehmetyuce@hotmail.com;mehmetyuce@metu.edu.tr,Eyup,1964-11-12
481,Emre Tan,emretan@iyte.edu.tr,Bursa,1973-11-13
482,Volkan Kaya,volkankaya@outlook.com;volkankaya@boun.edu.tr,Kadikoy,1954-03-15
483,Mustafa Duman,mustafaduman@csystem.org;mustafaduman@yahoo.com;mustafaduman@gmail.com,Besiktas,1985-06-29
484,Serkan Yildiz,serkanyildiz@csystem.org;serkanyildiz@iyte.edu.tr;serkanyildiz@metu.edu.tr,Konya,1960-12-28
485,Zeynep Kose,zeynepkose@yahoo.com;zeynepkose@gmail.com,Eyup,1964-05-09
486,Hatice Kose,haticekose@gmail.com;haticekose@yahoo.com;haticekose@metu.edu.tr,Umraniye,1988-11-13
487,Berk Polat,berkpolat@outlook.com,Kadikoy,1990-04-21
488,Emine Tekin,eminetekin@gmail.com;eminetekin@hotmail.com;eminetekin@iyte.edu.tr;eminetekin@yahoo.com,Izmir,1989-07-13
489,Mehmet Aktas,mehmetaktas@boun.edu.tr;mehmetaktas@iyte.edu.tr;mehmetaktas@yahoo.com;mehmetaktas@outlook.com;mehmetaktas@gmail.com,Uskudar,1984-08-16
490,Huseyin Ay,huseyinay@boun.edu.tr;huseyinay@gmail.com,Uskudar,1992-02-04
491,Neslihan Kaya,neslihankaya@yahoo.com;neslihankaya@hotmail.com;neslihankaya@metu.edu.tr;neslihankaya@iyte.edu.tr,Esenler,2000-08-08
492,Emre Korkmaz,emrekorkmaz@iyte.edu.tr;emrekorkmaz@outlook.com;emrekorkmaz@yahoo.com,Konya,1996-03-30
493,Mustafa Yildiz,mustafayildiz@hotmail.com;mustafayildiz@metu.edu.tr,Bursa,1971-06-07
494,Burak Kurt,burakkurt@hotmail.com;burakkurt@csystem.org;burakkurt@yahoo.com;burakkurt@metu.edu.tr,Riva,1966-08-23
495,Meryem Dogan,meryemdogan@yahoo.com,Bagcilar,1971-08-17
496,Mehmet Guler,mehmetguler@yahoo.com;mehmetguler@gmail.com;mehmetguler@iyte.edu.tr,Konya,1979-07-25
497,Tarik Korkmaz,tarikkorkmaz@gmail.com;tarikkorkmaz@iyte.edu.tr;tarikkorkmaz@yahoo.com;tarikkorkmaz@boun.edu.tr;tarikkorkmaz@hotmail.com,Istanbul,1995-12-02
498,Leyla Yuce,leylayuce@hotmail.com;leylayuce@outlook.com,Bursa,1986-08-29
499,Oguz Kaya,oguzkaya@yahoo.com;oguzkaya@hotmail.com,Sultangazi,2000-01-28
500,Hasan Sen,hasansen@csystem.org;hasansen@boun.edu.tr;hasansen@gmail.com;hasansen@iyte.edu.tr;hasansen@metu.edu.tr,Gaziantep,1976-11-29
501,Ibrahim Yilmaz,ibrahimyilmaz@gmail.com;ibrahimyilmaz@hotmail.com;ibrahimyilmaz@csystem.org;ibrahimyilmaz@outlook.com,Sultangazi,1974-06-10
502,Deniz Boz,denizboz@boun.edu.tr,Sariyer,1984-12-13
503,Ayse Tan,aysetan@metu.edu.tr;aysetan@hotmail.com;aysetan@gmail.com,Maltepe,1971-05-30
504,Pinar Turk,pinarturk@csystem.org;pinarturk@outlook.com,Mersin,1954-03-29
505,Leyla Ucar,leylaucar@hotmail.com,Kayseri,1955-12-10
506,Berk Aydin,berkaydin@outlook.com;berkaydin@iyte.edu.tr;berkaydin@csystem.org;berkaydin@hotmail.com,Bakirkoy,1992-05-29
507,Berk Kaplan,berkkaplan@metu.edu.tr;berkkaplan@yahoo.com;berkkaplan@csystem.org;berkkaplan@iyte.edu.tr,Trabzon,1953-02-16
508,Ayse Arslan,aysearslan@outlook.com;aysearslan@gmail.com;aysearslan@yahoo.com,Ankara,1988-10-06
509,Tarik Sen,tariksen@yahoo.com;tariksen@gmail.com,Konya,1960-10-21
510,Hatice Erol,haticeerol@iyte.edu.tr;haticeerol@boun.edu.tr;haticeerol@hotmail.com;haticeerol@metu.edu.tr,Konya,1950-04-07
511,Ozlem Kurt,ozlemkurt@gmail.com;ozlemkurt@iyte.edu.tr;ozlemkurt@boun.edu.tr,Samsun,1970-03-14
512,Neslihan Erol,neslihanerol@outlook.com;neslihanerol@boun.edu.tr,Bagcilar,1997-03-28
513,Derya Aslan,deryaaslan@gmail.com;deryaaslan@metu.edu.tr;deryaaslan@boun.edu.tr;deryaaslan@hotmail.com,Maltepe,1954-11-23
514,Erhan Ucar,erhanucar@iyte.edu.tr,Eyup,1956-04-30
515,Yusuf Ozdemir,yusufozdemir@iyte.edu.tr;yusufozdemir@gmail.com,Istanbul,1993-01-13
516,Omer Sen,omersen@hotmail.com;omersen@boun.edu.tr,Kadikoy,1981-12-08
517,Serkan Demir,serkandemir@boun.edu.tr;serkandemir@csystem.org;serkandemir@gmail.com,Trabzon,1997-08-14
518,Yusuf Koc,yusufkoc@metu.edu.tr;yusufkoc@iyte.edu.tr;yusufkoc@yahoo.com;yusufkoc@hotmail.com,Pendik,1983-07-03
519,Leyla Turk,leylaturk@outlook.com;leylaturk@iyte.edu.tr;leylaturk@csystem.org,Sultangazi,1953-11-20
520,Ayse Gunes,aysegunes@csystem.org;aysegunes@hotmail.com;aysegunes@boun.edu.tr,Kartal,1967-01-11
521,Deniz Erol,denizerol@yahoo.com,Maltepe,1992-03-19
522,Emre Turk,emreturk@hotmail.com;emreturk@outlook.com,Antalya,1978-08-16
523,Murat Karan,muratkaran@outlook.com;muratkaran@hotmail.com;muratkaran@iyte.edu.tr,Izmir,1961-04-28
524,Tarik Erdogan,tarikerdogan@gmail.com,Ankara,1950-12-21
525,Berk Bozkurt,berkbozkurt@yahoo.com;berkbozkurt@outlook.com;berkbozkurt@boun.edu.tr;berkbozkurt@iyte.edu.tr,Samsun,1967-06-07
526,Huseyin Ucar,huseyinucar@outlook.com;huseyinucar@hotmail.com;huseyinucar@metu.edu.tr;huseyinucar@gmail.com;huseyinucar@csystem.org,Eskisehir,1951-12-07
527,Ahmet Kurt,ahmetkurt@hotmail.com;ahmetkurt@gmail.com;ahmetkurt@yahoo.com,Adana,1962-10-07
528,Berk Koc,berkkoc@hotmail.com,Trabzon,1955-04-03
529,Gulsen Ersoy,gulsenersoy@gmail.com;gulsenersoy@metu.edu.tr,Trabzon,1958-08-23
530,Elif Yildiz,elifyildiz@csystem.org;elifyildiz@iyte.edu.tr;elifyildiz@yahoo.com;elifyildiz@boun.edu.tr,Konya,1955-12-07
531,Huseyin Kaya,huseyinkaya@metu.edu.tr;huseyinkaya@hotmail.com;huseyinkaya@gmail.com;huseyinkaya@yahoo.com,Istanbul,1988-02-24
532,Can Celik,cancelik@metu.edu.tr;cancelik@hotmail.com;cancelik@gmail.com,Istanbul,1986-10-07
533,Elif Koc,elifkoc@hotmail.com;elifkoc@outlook.com;elifkoc@gmail.com,Eskisehir,2000-07-18
534,Deniz Ucar,denizucar@csystem.org;denizucar@gmail.com;denizucar@iyte.edu.tr;denizucar@metu.edu.tr,Denizli,1965-02-05
535,Ayse Cetin,aysecetin@iyte.edu.tr;aysecetin@hotmail.com;aysecetin@outlook.com;aysecetin@gmail.com,Kayseri,1957-02-06
536,Murat Duman,muratduman@outlook.com;muratduman@boun.edu.tr;muratduman@yahoo.com,Uskudar,1959-04-24
537,Ali Ozturk,aliozturk@hotmail.com,Sariyer,1975-10-25
538,Tarik Kose,tarikkose@outlook.com;tarikkose@csystem.org;tarikkose@gmail.com;tarikkose@metu.edu.tr,Sultangazi,1975-07-19
539,Erhan Tekin,erhantekin@metu.edu.tr;erhantekin@csystem.org;erhantekin@hotmail.com;erhantekin@outlook.com;erhantekin@yahoo.com,Izmir,1999-08-26
540,Deniz Yilmaz,denizyilmaz@yahoo.com;denizyilmaz@gmail.com;denizyilmaz@outlook.com;denizyilmaz@hotmail.com;denizyilmaz@csystem.org,Gaziantep,1954-10-05
541,Zeynep Aydin,zeynepaydin@boun.edu.tr,Izmir,2000-10-22
542,Can Yildiz,canyildiz@csystem.org;canyildiz@yahoo.com,Eyup,1991-07-05
543,Mustafa Celik,mustafacelik@boun.edu.tr;mustafacelik@csystem.org;mustafacelik@yahoo.com;mustafacelik@iyte.edu.tr,Kadikoy,1991-05-17
544,Omer Ozturk,omerozturk@hotmail.com;omerozturk@gmail.com;omerozturk@csystem.org;omerozturk@boun.edu.tr;omerozturk@yahoo.com,Esenler,1962-08-30
545,Neslihan Ozkan,neslihanozkan@gmail.com;neslihanozkan@hotmail.com;neslihanozkan@yahoo.com;neslihanozkan@outlook.com,Antalya,1970-01-18
546,Selim Tan,selimtan@gmail.com;selimtan@yahoo.com;selimtan@boun.edu.tr,Eskisehir,1977-06-01
547,Busra Boz,busraboz@outlook.com,Antalya,1965-08-03
548,Derya Bozkurt,deryabozkurt@csystem.org;deryabozkurt@iyte.edu.tr;deryabozkurt@outlook.com,Maltepe,1962-08-14
549,Hasan Yildiz,hasanyildiz@outlook.com;hasanyildiz@boun.edu.tr;hasanyildiz@metu.edu.tr;hasanyildiz@iyte.edu.tr,Umraniye,1964-07-20
550,Erhan Cetin,erhancetin@yahoo.com,Izmir,1980-11-12
551,Deniz Aydin,denizaydin@gmail.com;denizaydin@hotmail.com;denizaydin@boun.edu.tr;denizaydin@iyte.edu.tr;denizaydin@metu.edu.tr,Konya,1957-07-25
552,Mehmet Duman,mehmetduman@iyte.edu.tr,Pendik,1969-08-07
553,Zeynep Tan,zeyneptan@metu.edu.tr;zeyneptan@csystem.org;zeyneptan@outlook.com,Bakirkoy,1994-05-17
554,Emine Cetin,eminecetin@metu.edu.tr;eminecetin@hotmail.com;eminecetin@outlook.com;eminecetin@csystem.org,Besiktas,1955-01-12
555,Fatma Erdogan,fatmaerdogan@csystem.org,Istanbul,1959-05-07
556,Berk Kaya,berkkaya@outlook.com;berkkaya@boun.edu.tr,Konya,1976-04-20
557,Hatice Guler,haticeguler@boun.edu.tr;haticeguler@csystem.org;haticeguler@gmail.com,Esenler,1975-07-04
558,Oguz Ucar,oguzucar@yahoo.com;oguzucar@csystem.org,Bagcilar,1996-09-22
559,Oguz Aktas,oguzaktas@csystem.org;oguzaktas@iyte.edu.tr;oguzaktas@boun.edu.tr,Bakirkoy,1967-12-08
560,Busra Ersoy,busraersoy@iyte.edu.tr;busraersoy@outlook.com;busraersoy@yahoo.com;busraersoy@hotmail.com,Riva,1971-02-03
561,Derya Toprak,deryatoprak@boun.edu.tr;deryatoprak@csystem.org;deryatoprak@gmail.com;deryatoprak@iyte.edu.tr;deryatoprak@yahoo.com,Besiktas,1997-09-06
562,Gulsen Ozkan,gulsenozkan@csystem.org;gulsenozkan@iyte.edu.tr;gulsenozkan@gmail.com,Gaziosmanpasa,1968-09-13
563,Mustafa Ozdemir,mustafaozdemir@iyte.edu.tr;mustafaozdemir@boun.edu.tr;mustafaozdemir@yahoo.com,Kayseri,1957-11-14
564,Derya Yildiz,deryayildiz@outlook.com;deryayildiz@gmail.com,Bagcilar,1961-06-14
565,Gulsen Korkmaz,gulsenkorkmaz@yahoo.com;gulsenkorkmaz@iyte.edu.tr;gulsenkorkmaz@gmail.com,Bakirkoy,1973-04-09
566,Tolga Acar,tolgaacar@boun.edu.tr;tolgaacar@outlook.com;tolgaacar@metu.edu.tr,Kartal,1966-10-28
567,Mehmet Sen,mehmetsen@outlook.com;mehmetsen@yahoo.com;mehmetsen@iyte.edu.tr;mehmetsen@hotmail.com;mehmetsen@metu.edu.tr,Eyup,1990-04-21
568,Tarik Ay,tarikay@yahoo.com;tarikay@boun.edu.tr;tarikay@iyte.edu.tr,Bayrampaса,1963-04-19
569,Leyla Aslan,leylaaslan@hotmail.com;leylaaslan@outlook.com;leylaaslan@metu.edu.tr,Kartal,1981-02-10
570,Ayse Ozdemir,ayseozdemir@outlook.com,Samsun,1965-02-11
571,Cem Ozdemir,cemozdemir@csystem.org;cemozdemir@metu.edu.tr;cemozdemir@yahoo.com,Riva,1984-04-24
572,Ibrahim Ucar,ibrahimucar@hotmail.com,Gaziosmanpasa,1979-05-22
573,Zeynep Ay,zeynepay@boun.edu.tr,Kadikoy,1976-12-15
574,Yusuf Yildiz,yusufyildiz@boun.edu.tr;yusufyildiz@csystem.org;yusufyildiz@outlook.com,Antalya,1983-01-05
575,Hasan Boz,hasanboz@yahoo.com;hasanboz@metu.edu.tr;hasanboz@iyte.edu.tr,Ankara,1974-01-02
576,Oguz Bozkurt,oguzbozkurt@outlook.com;oguzbozkurt@boun.edu.tr;oguzbozkurt@hotmail.com,Uskudar,1963-03-17
577,Fatma Boz,fatmaboz@yahoo.com,Maltepe,1958-12-21
578,Can Ersoy,canersoy@boun.edu.tr;canersoy@outlook.com;canersoy@metu.edu.tr;canersoy@gmail.com,Ankara,1950-03-19
579,Sinan Yildiz,sinanyildiz@gmail.com;sinanyildiz@yahoo.com;sinanyildiz@csystem.org,Gaziantep,1964-05-18
580,Ahmet Karan,ahmetkaran@outlook.com;ahmetkaran@iyte.edu.tr,Bayrampaса,1994-09-13
581,Tarik Polat,tarikpolat@hotmail.com;tarikpolat@outlook.com,Kadikoy,1954-04-28
582,Fatma Demir,fatmademir@csystem.org,Eskisehir,1983-06-05
583,Burak Toprak,buraktoprak@iyte.edu.tr;buraktoprak@outlook.com;buraktoprak@metu.edu.tr;buraktoprak@hotmail.com;buraktoprak@yahoo.com,Bayrampaса,1950-03-18
584,Tolga Kaplan,tolgakaplan@yahoo.com;tolgakaplan@boun.edu.tr,Denizli,1989-07-02
585,Ahmet Aktas,ahmetaktas@yahoo.com;ahmetaktas@hotmail.com,Kartal,1972-03-20
586,Volkan Koc,volkankoc@iyte.edu.tr,Pendik,1997-08-26
587,Mehmet Gunes,mehmetgunes@gmail.com;mehmetgunes@csystem.org;mehmetgunes@metu.edu.tr,Sariyer,1980-05-08
588,Huseyin Arslan,huseyinarslan@hotmail.com,Mersin,1956-12-25
589,Murat Gunes,muratgunes@csystem.org,Gaziosmanpasa,1984-11-14
590,Omer Guler,omerguler@csystem.org,Mersin,1985-05-22
591,Huseyin Toprak,huseyintoprak@yahoo.com;huseyintoprak@outlook.com;huseyintoprak@gmail.com,Kadikoy,2000-02-02
592,Pinar Dogan,pinardogan@hotmail.com;pinardogan@boun.edu.tr;pinardogan@gmail.com,Gaziosmanpasa,1964-01-14
593,Zeynep Ozkan,zeynepozkan@csystem.org;zeynepozkan@boun.edu.tr,Kadikoy,2000-06-24
594,Zeynep Kaplan,zeynepkaplan@csystem.org;zeynepkaplan@hotmail.com;zeynepkaplan@gmail.com;zeynepkaplan@metu.edu.tr,Gaziosmanpasa,1991-08-19
595,Kemal Bulut,kemalbulut@gmail.com,Sariyer,1992-04-07
596,Hasan Dogan,hasandogan@metu.edu.tr;hasandogan@hotmail.com;hasandogan@gmail.com;hasandogan@csystem.org;hasandogan@iyte.edu.tr,Kartal,1983-04-01
597,Huseyin Erdogan,huseyinerdogan@metu.edu.tr;huseyinerdogan@yahoo.com,Kayseri,1972-07-22
598,Huseyin Aslan,huseyinaslan@csystem.org,Samsun,1989-04-13
599,Kemal Kaplan,kemalkaplan@csystem.org;kemalkaplan@iyte.edu.tr;kemalkaplan@gmail.com;kemalkaplan@yahoo.com,Sultangazi,1972-08-13
600,Ibrahim Korkmaz,ibrahimkorkmaz@metu.edu.tr;ibrahimkorkmaz@yahoo.com;ibrahimkorkmaz@outlook.com;ibrahimkorkmaz@iyte.edu.tr,Bagcilar,1950-05-11
601,Cem Koc,cemkoc@yahoo.com,Pendik,1974-10-17
602,Huseyin Tekin,huseyintekin@metu.edu.tr;huseyintekin@boun.edu.tr;huseyintekin@csystem.org;huseyintekin@outlook.com;huseyintekin@hotmail.com,Maltepe,1971-09-14
603,Yusuf Ucar,yusufucar@hotmail.com;yusufucar@outlook.com;yusufucar@boun.edu.tr;yusufucar@gmail.com,Izmir,1975-12-20
604,Meryem Kurt,meryemkurt@outlook.com,Sariyer,1975-08-02
605,Kemal Toprak,kemaltoprak@hotmail.com;kemaltoprak@outlook.com;kemaltoprak@iyte.edu.tr;kemaltoprak@metu.edu.tr;kemaltoprak@boun.edu.tr,Samsun,1965-01-29
606,Ali Karan,alikaran@metu.edu.tr;alikaran@boun.edu.tr,Gaziosmanpasa,1985-12-25
607,Tolga Kurt,tolgakurt@iyte.edu.tr;tolgakurt@yahoo.com,Ankara,1983-03-11
608,Volkan Aktas,volkanaktas@boun.edu.tr;volkanaktas@outlook.com;volkanaktas@hotmail.com;volkanaktas@gmail.com;volkanaktas@metu.edu.tr,Riva,1978-08-08
609,Neslihan Bozkurt,neslihanbozkurt@metu.edu.tr,Riva,1957-06-20
610,Cem Yilmaz,cemyilmaz@gmail.com;cemyilmaz@boun.edu.tr;cemyilmaz@metu.edu.tr;cemyilmaz@csystem.org;cemyilmaz@yahoo.com,Bayrampaса,1986-06-05
611,Kemal Cetin,kemalcetin@outlook.com,Esenler,1958-05-04
612,Burak Ozdemir,burakozdemir@metu.edu.tr;burakozdemir@iyte.edu.tr;burakozdemir@boun.edu.tr;burakozdemir@yahoo.com;burakozdemir@outlook.com,Bursa,1967-08-19
613,Huseyin Aktas,huseyinaktas@iyte.edu.tr,Samsun,1966-04-25
614,Selin Yuce,selinyuce@iyte.edu.tr;selinyuce@metu.edu.tr;selinyuce@gmail.com;selinyuce@boun.edu.tr;selinyuce@hotmail.com,Gaziosmanpasa,1994-03-14
615,Yusuf Tekin,yusuftekin@csystem.org,Maltepe,1955-07-02
616,Zeynep Yildiz,zeynepyildiz@boun.edu.tr,Gaziantep,1970-05-05
617,Burak Yildiz,burakyildiz@hotmail.com;burakyildiz@boun.edu.tr;burakyildiz@outlook.com,Ankara,1981-11-19
618,Ozlem Dogan,ozlemdogan@metu.edu.tr;ozlemdogan@iyte.edu.tr;ozlemdogan@csystem.org;ozlemdogan@boun.edu.tr,Antalya,1963-11-11
619,Tolga Karan,tolgakaran@gmail.com;tolgakaran@csystem.org;tolgakaran@outlook.com;tolgakaran@boun.edu.tr;tolgakaran@iyte.edu.tr,Eyup,1979-10-02
620,Volkan Aslan,volkanaslan@yahoo.com;volkanaslan@iyte.edu.tr;volkanaslan@hotmail.com;volkanaslan@gmail.com;volkanaslan@outlook.com,Sariyer,1970-07-25
621,Emre Ay,emreay@boun.edu.tr;emreay@csystem.org;emreay@iyte.edu.tr;emreay@hotmail.com,Kayseri,1997-03-25
622,Selin Bozkurt,selinbozkurt@yahoo.com;selinbozkurt@outlook.com,Maltepe,1972-10-26
623,Volkan Polat,volkanpolat@iyte.edu.tr;volkanpolat@metu.edu.tr;volkanpolat@boun.edu.tr;volkanpolat@csystem.org;volkanpolat@hotmail.com,Gaziantep,1978-11-17
624,Elif Turk,elifturk@iyte.edu.tr;elifturk@metu.edu.tr;elifturk@hotmail.com,Pendik,1965-06-14
625,Ayse Ay,ayseay@iyte.edu.tr;ayseay@metu.edu.tr;ayseay@gmail.com;ayseay@yahoo.com;ayseay@outlook.com,Uskudar,1959-05-20
626,Neslihan Tekin,neslihantekin@csystem.org;neslihantekin@boun.edu.tr;neslihantekin@outlook.com;neslihantekin@gmail.com;neslihantekin@metu.edu.tr,Istanbul,1957-11-27
627,Fatma Acar,fatmaacar@yahoo.com;fatmaacar@boun.edu.tr;fatmaacar@gmail.com,Pendik,1999-03-28
628,Selin Guler,selinguler@gmail.com;selinguler@yahoo.com;selinguler@outlook.com;selinguler@metu.edu.tr;selinguler@hotmail.com,Kartal,1991-02-25
629,Leyla Gunes,leylagunes@csystem.org;leylagunes@iyte.edu.tr,Sariyer,1998-01-02
630,Ali Gunes,aligunes@boun.edu.tr;aligunes@metu.edu.tr;aligunes@iyte.edu.tr;aligunes@yahoo.com,Besiktas,1994-06-16
631,Pinar Bozkurt,pinarbozkurt@iyte.edu.tr;pinarbozkurt@boun.edu.tr,Uskudar,1959-01-18
632,Ayse Aslan,ayseaslan@hotmail.com;ayseaslan@outlook.com;ayseaslan@gmail.com;ayseaslan@boun.edu.tr;ayseaslan@yahoo.com,Besiktas,1961-01-31
633,Fatma Sen,fatmasen@gmail.com;fatmasen@yahoo.com;fatmasen@outlook.com,Pendik,1998-12-17
634,Omer Yilmaz,omeryilmaz@iyte.edu.tr;omeryilmaz@csystem.org,Ankara,1970-09-07
635,Pinar Polat,pinarpolat@iyte.edu.tr;pinarpolat@gmail.com;pinarpolat@metu.edu.tr;pinarpolat@yahoo.com,Kadikoy,2000-05-07
636,Hasan Kaplan,hasankaplan@outlook.com;hasankaplan@iyte.edu.tr,Trabzon,1999-03-14
637,Pinar Toprak,pinartoprak@gmail.com;pinartoprak@metu.edu.tr;pinartoprak@iyte.edu.tr;pinartoprak@yahoo.com,Riva,1959-12-21
638,Emine Turk,emineturk@outlook.com;emineturk@gmail.com;emineturk@iyte.edu.tr;emineturk@yahoo.com;emineturk@metu.edu.tr,Eyup,1998-02-02
639,Meryem Kose,meryemkose@gmail.com;meryemkose@csystem.org;meryemkose@yahoo.com,Kadikoy,1959-11-27
640,Tolga Yilmaz,tolgayilmaz@outlook.com;tolgayilmaz@yahoo.com;tolgayilmaz@csystem.org,Izmir,1971-05-17
641,Oguz Demir,oguzdemir@outlook.com;oguzdemir@boun.edu.tr,Sariyer,1991-10-27
642,Can Sahin,cansahin@boun.edu.tr;cansahin@iyte.edu.tr,Sultangazi,1952-09-11
643,Mustafa Ozturk,mustafaozturk@metu.edu.tr,Pendik,1978-04-08
644,Kemal Yilmaz,kemalyilmaz@hotmail.com,Ankara,1987-06-10
645,Ayse Erdogan,ayseerdogan@hotmail.com;ayseerdogan@csystem.org;ayseerdogan@metu.edu.tr;ayseerdogan@yahoo.com;ayseerdogan@outlook.com,Denizli,1958-06-13
646,Murat Korkmaz,muratkorkmaz@iyte.edu.tr;muratkorkmaz@gmail.com;muratkorkmaz@outlook.com;muratkorkmaz@boun.edu.tr,Besiktas,1972-04-28
647,Oguz Turk,oguzturk@gmail.com,Pendik,1998-06-12
648,Volkan Sahin,volkansahin@csystem.org;volkansahin@metu.edu.tr;volkansahin@gmail.com,Eskisehir,1958-09-22
649,Deniz Arslan,denizarslan@yahoo.com;denizarslan@csystem.org;denizarslan@hotmail.com;denizarslan@iyte.edu.tr,Kartal,1977-06-15
650,Selin Ozturk,selinozturk@iyte.edu.tr;selinozturk@gmail.com;selinozturk@csystem.org,Esenler,1994-01-13
651,Leyla Ozturk,leylaozturk@gmail.com,Istanbul,1959-06-21
652,Leyla Celik,leylacelik@outlook.com;leylacelik@iyte.edu.tr;leylacelik@boun.edu.tr,Bayrampaса,1961-03-25
653,Cem Ay,cemay@yahoo.com;cemay@hotmail.com,Konya,1975-05-16
654,Pinar Erdogan,pinarerdogan@hotmail.com;pinarerdogan@metu.edu.tr,Sariyer,1967-08-17
655,Leyla Duman,leyladuman@hotmail.com;leyladuman@yahoo.com;leyladuman@iyte.edu.tr;leyladuman@gmail.com;leyladuman@boun.edu.tr,Bursa,1967-02-17
656,Tolga Ozdemir,tolgaozdemir@yahoo.com;tolgaozdemir@iyte.edu.tr;tolgaozdemir@boun.edu.tr,Konya,1987-11-12
657,Pinar Demir,pinardemir@iyte.edu.tr;pinardemir@outlook.com,Riva,1969-10-15
658,Kemal Turk,kemalturk@yahoo.com;kemalturk@csystem.org;kemalturk@boun.edu.tr,Samsun,1970-10-25
659,Fatma Karan,fatmakaran@outlook.com;fatmakaran@boun.edu.tr;fatmakaran@hotmail.com,Pendik,1962-07-25
660,Serkan Aydin,serkanaydin@metu.edu.tr;serkanaydin@outlook.com;serkanaydin@boun.edu.tr,Samsun,1951-02-18
661,Derya Boz,deryaboz@hotmail.com;deryaboz@metu.edu.tr;deryaboz@iyte.edu.tr;deryaboz@csystem.org;deryaboz@gmail.com,Sultangazi,1980-10-04
662,Busra Aydin,busraaydin@outlook.com;busraaydin@yahoo.com;busraaydin@iyte.edu.tr;busraaydin@gmail.com;busraaydin@csystem.org,Bayrampaса,1983-07-26
663,Ahmet Ay,ahmetay@boun.edu.tr,Umraniye,1995-09-28
664,Ozlem Guler,ozlemguler@csystem.org,Besiktas,1952-06-28
665,Omer Cetin,omercetin@outlook.com;omercetin@boun.edu.tr;omercetin@csystem.org;omercetin@yahoo.com,Antalya,1965-08-17
666,Burak Ay,burakay@hotmail.com;burakay@outlook.com;burakay@yahoo.com;burakay@csystem.org;burakay@gmail.com,Sariyer,1975-12-30
667,Fatma Ay,fatmaay@metu.edu.tr;fatmaay@hotmail.com,Adana,1954-04-10
668,Omer Ucar,omerucar@gmail.com;omerucar@hotmail.com;omerucar@outlook.com,Konya,1990-01-21
669,Mustafa Erdogan,mustafaerdogan@outlook.com;mustafaerdogan@gmail.com;mustafaerdogan@iyte.edu.tr,Gaziantep,1968-10-14
670,Berk Ucar,berkucar@gmail.com;berkucar@metu.edu.tr;berkucar@iyte.edu.tr;berkucar@yahoo.com,Bursa,1986-03-25
671,Ozlem Demir,ozlemdemir@csystem.org;ozlemdemir@outlook.com;ozlemdemir@hotmail.com;ozlemdemir@metu.edu.tr;ozlemdemir@boun.edu.tr,Samsun,1963-05-18
672,Tarik Boz,tarikboz@gmail.com;tarikboz@csystem.org;tarikboz@hotmail.com;tarikboz@outlook.com,Adana,1985-03-12
673,Ayse Koc,aysekoc@hotmail.com;aysekoc@iyte.edu.tr;aysekoc@metu.edu.tr,Mersin,1994-08-25
674,Kemal Dogan,kemaldogan@metu.edu.tr;kemaldogan@outlook.com;kemaldogan@hotmail.com;kemaldogan@csystem.org,Adana,1988-12-18
675,Ozlem Koc,ozlemkoc@gmail.com;ozlemkoc@csystem.org,Antalya,2000-01-26
676,Erhan Korkmaz,erhankorkmaz@gmail.com;erhankorkmaz@iyte.edu.tr;erhankorkmaz@boun.edu.tr;erhankorkmaz@yahoo.com;erhankorkmaz@metu.edu.tr,Gaziantep,2000-12-10
677,Murat Ozkan,muratozkan@metu.edu.tr;muratozkan@hotmail.com;muratozkan@boun.edu.tr;muratozkan@outlook.com,Maltepe,1996-01-11
678,Ayse Turk,ayseturk@csystem.org;ayseturk@hotmail.com;ayseturk@iyte.edu.tr;ayseturk@yahoo.com;ayseturk@outlook.com,Maltepe,1985-04-21
679,Hatice Gunes,haticegunes@yahoo.com;haticegunes@gmail.com;haticegunes@boun.edu.tr;haticegunes@hotmail.com,Kadikoy,1987-08-24
680,Selim Turk,selimturk@gmail.com;selimturk@boun.edu.tr;selimturk@csystem.org;selimturk@iyte.edu.tr;selimturk@metu.edu.tr,Izmir,1962-07-30
681,Gulsen Kose,gulsenkose@boun.edu.tr,Kadikoy,1960-11-10
682,Cem Cetin,cemcetin@boun.edu.tr,Konya,1973-03-28
683,Selim Gunes,selimgunes@hotmail.com;selimgunes@outlook.com;selimgunes@metu.edu.tr,Kayseri,1994-02-14
684,Selim Aktas,selimaktas@csystem.org,Maltepe,1976-01-30
685,Sinan Tekin,sinantekin@outlook.com;sinantekin@gmail.com;sinantekin@iyte.edu.tr,Kartal,1982-11-24
686,Erhan Dogan,erhandogan@gmail.com;erhandogan@outlook.com;erhandogan@iyte.edu.tr;erhandogan@hotmail.com;erhandogan@yahoo.com,Mersin,1960-09-03
687,Ozlem Erdogan,ozlemerdogan@boun.edu.tr;ozlemerdogan@csystem.org;ozlemerdogan@yahoo.com,Maltepe,1959-03-21
688,Busra Korkmaz,busrakorkmaz@boun.edu.tr;busrakorkmaz@csystem.org,Bagcilar,1969-04-29
689,Selim Erdogan,selimerdogan@iyte.edu.tr;selimerdogan@boun.edu.tr;selimerdogan@metu.edu.tr,Denizli,2000-07-19
690,Fatma Sahin,fatmasahin@boun.edu.tr;fatmasahin@metu.edu.tr,Trabzon,1996-04-20
691,Berk Karan,berkkaran@yahoo.com,Gaziosmanpasa,1981-08-18
692,Hasan Demir,hasandemir@outlook.com;hasandemir@yahoo.com;hasandemir@gmail.com,Maltepe,1961-07-22
693,Deniz Turk,denizturk@csystem.org;denizturk@iyte.edu.tr;denizturk@metu.edu.tr;denizturk@gmail.com;denizturk@hotmail.com,Bakirkoy,1987-12-30
694,Oguz Yildiz,oguzyildiz@csystem.org;oguzyildiz@hotmail.com;oguzyildiz@gmail.com;oguzyildiz@metu.edu.tr;oguzyildiz@boun.edu.tr,Maltepe,1980-12-04
695,Fatma Yilmaz,fatmayilmaz@outlook.com;fatmayilmaz@iyte.edu.tr;fatmayilmaz@gmail.com,Adana,1992-07-23
696,Deniz Kaplan,denizkaplan@boun.edu.tr;denizkaplan@csystem.org;denizkaplan@hotmail.com;denizkaplan@metu.edu.tr,Istanbul,1956-10-08
697,Leyla Acar,leylaacar@iyte.edu.tr;leylaacar@yahoo.com;leylaacar@boun.edu.tr;leylaacar@hotmail.com;leylaacar@csystem.org,Riva,1978-08-01
698,Oguz Erdogan,oguzerdogan@boun.edu.tr;oguzerdogan@csystem.org,Bursa,1953-02-16
699,Leyla Demir,leylademir@csystem.org;leylademir@yahoo.com;leylademir@gmail.com;leylademir@metu.edu.tr;leylademir@boun.edu.tr,Bayrampaса,1979-01-09
700,Meryem Bozkurt,meryembozkurt@metu.edu.tr;meryembozkurt@boun.edu.tr;meryembozkurt@hotmail.com;meryembozkurt@yahoo.com,Umraniye,1961-02-05
701,Burak Duman,burakduman@gmail.com;burakduman@outlook.com;burakduman@metu.edu.tr;burakduman@yahoo.com;burakduman@iyte.edu.tr,Denizli,1966-06-14
702,Emre Tekin,emretekin@gmail.com;emretekin@iyte.edu.tr;emretekin@yahoo.com,Konya,1970-08-18
703,Mustafa Yuce,mustafayuce@metu.edu.tr;mustafayuce@yahoo.com,Samsun,1987-02-09
704,Busra Aslan,busraaslan@metu.edu.tr;busraaslan@iyte.edu.tr,Gaziantep,1977-08-11
705,Emine Bulut,eminebulut@outlook.com;eminebulut@hotmail.com;eminebulut@boun.edu.tr,Sultangazi,1962-07-12
706,Huseyin Dogan,huseyindogan@metu.edu.tr,Maltepe,1966-04-21
707,Oguz Kose,oguzkose@metu.edu.tr,Samsun,1990-01-28
708,Tolga Erol,tolgaerol@metu.edu.tr;tolgaerol@hotmail.com;tolgaerol@csystem.org,Kayseri,1965-05-03
709,Deniz Aktas,denizaktas@yahoo.com;denizaktas@gmail.com;denizaktas@csystem.org;denizaktas@outlook.com;denizaktas@iyte.edu.tr,Besiktas,1965-12-08
710,Mehmet Ay,mehmetay@boun.edu.tr;mehmetay@metu.edu.tr;mehmetay@iyte.edu.tr,Umraniye,1976-02-24
711,Ayse Duman,ayseduman@metu.edu.tr,Trabzon,1962-12-04
712,Oguz Karan,oguzkaran@boun.edu.tr;oguzkaran@csystem.org,Bursa,1972-01-30
713,Ayse Yuce,ayseyuce@outlook.com;ayseyuce@yahoo.com;ayseyuce@metu.edu.tr,Maltepe,1999-03-22
714,Can Guler,canguler@iyte.edu.tr;canguler@yahoo.com;canguler@outlook.com;canguler@boun.edu.tr,Riva,1987-10-10
715,Ayse Erol,ayseerol@outlook.com;ayseerol@boun.edu.tr,Bursa,1987-02-19
716,Busra Bulut,busrabulut@boun.edu.tr;busrabulut@metu.edu.tr;busrabulut@outlook.com;busrabulut@hotmail.com;busrabulut@csystem.org,Bagcilar,1959-01-25
717,Oguz Aslan,oguzaslan@metu.edu.tr;oguzaslan@hotmail.com;oguzaslan@iyte.edu.tr;oguzaslan@csystem.org,Besiktas,1952-08-27
718,Derya Erdogan,deryaerdogan@gmail.com;deryaerdogan@outlook.com;deryaerdogan@metu.edu.tr;deryaerdogan@hotmail.com;deryaerdogan@iyte.edu.tr,Gaziantep,1966-07-09
719,Meryem Ucar,meryemucar@metu.edu.tr,Kartal,1972-11-16
720,Kemal Erdogan,kemalerdogan@iyte.edu.tr;kemalerdogan@csystem.org;kemalerdogan@boun.edu.tr,Eyup,1972-08-27
721,Ahmet Tekin,ahmettekin@iyte.edu.tr,Esenler,1969-05-17
722,Gulsen Yildiz,gulsenyildiz@yahoo.com;gulsenyildiz@boun.edu.tr;gulsenyildiz@metu.edu.tr;gulsenyildiz@iyte.edu.tr;gulsenyildiz@csystem.org,Sariyer,1956-11-10
723,Volkan Boz,volkanboz@hotmail.com;volkanboz@outlook.com;volkanboz@csystem.org;volkanboz@yahoo.com,Riva,1975-09-29
724,Omer Koc,omerkoc@boun.edu.tr;omerkoc@iyte.edu.tr;omerkoc@csystem.org,Uskudar,1958-11-09
725,Hasan Koc,hasankoc@outlook.com;hasankoc@yahoo.com;hasankoc@boun.edu.tr,Bakirkoy,1959-01-11
726,Selin Tan,selintan@boun.edu.tr;selintan@yahoo.com;selintan@outlook.com;selintan@metu.edu.tr;selintan@iyte.edu.tr,Mersin,1998-11-06
727,Fatma Aslan,fatmaaslan@yahoo.com,Kartal,1978-10-18
728,Hasan Guler,hasanguler@boun.edu.tr;hasanguler@gmail.com,Bursa,1970-08-29
729,Leyla Kaya,leylakaya@boun.edu.tr,Kadikoy,1990-02-26
730,Meryem Turk,meryemturk@hotmail.com;meryemturk@iyte.edu.tr,Eyup,1994-09-21
731,Hatice Bulut,haticebulut@metu.edu.tr;haticebulut@iyte.edu.tr;haticebulut@hotmail.com,Antalya,1986-10-17
732,Erhan Koc,erhankoc@gmail.com,Sariyer,1979-12-09
733,Tarik Kurt,tarikkurt@metu.edu.tr;tarikkurt@boun.edu.tr;tarikkurt@csystem.org;tarikkurt@yahoo.com,Besiktas,1979-10-11
734,Can Toprak,cantoprak@csystem.org;cantoprak@yahoo.com;cantoprak@outlook.com;cantoprak@metu.edu.tr;cantoprak@hotmail.com,Bagcilar,1952-12-28
735,Derya Cetin,deryacetin@csystem.org;deryacetin@hotmail.com;deryacetin@yahoo.com;deryacetin@gmail.com,Istanbul,1952-01-14
736,Erhan Aydin,erhanaydin@csystem.org;erhanaydin@outlook.com;erhanaydin@metu.edu.tr,Istanbul,1955-08-16
737,Tolga Ucar,tolgaucar@gmail.com;tolgaucar@boun.edu.tr;tolgaucar@outlook.com,Bagcilar,1986-09-13
738,Hatice Karan,haticekaran@iyte.edu.tr;haticekaran@hotmail.com;haticekaran@outlook.com;haticekaran@csystem.org;haticekaran@metu.edu.tr,Denizli,1975-10-02
739,Hatice Erdogan,haticeerdogan@boun.edu.tr,Bakirkoy,1984-11-10
740,Pinar Tan,pinartan@csystem.org;pinartan@outlook.com;pinartan@hotmail.com,Esenler,1994-05-03
741,Yusuf Acar,yusufacar@metu.edu.tr,Maltepe,1955-05-16
742,Murat Tan,murattan@metu.edu.tr;murattan@hotmail.com;murattan@yahoo.com;murattan@gmail.com;murattan@boun.edu.tr,Ankara,1997-07-11
743,Ayse Sahin,aysesahin@csystem.org;aysesahin@hotmail.com;aysesahin@iyte.edu.tr,Riva,1984-02-08
744,Hasan Ozturk,hasanozturk@metu.edu.tr,Gaziantep,1999-08-30
745,Kemal Tekin,kemaltekin@metu.edu.tr;kemaltekin@yahoo.com;kemaltekin@outlook.com,Pendik,1959-12-22
746,Mehmet Ozdemir,mehmetozdemir@yahoo.com,Ankara,1989-03-15
747,Selim Aslan,selimaslan@csystem.org;selimaslan@boun.edu.tr,Denizli,1950-09-16
748,Mehmet Yildiz,mehmetyildiz@hotmail.com;mehmetyildiz@csystem.org;mehmetyildiz@iyte.edu.tr;mehmetyildiz@metu.edu.tr,Gaziosmanpasa,1951-02-03
749,Elif Dogan,elifdogan@boun.edu.tr;elifdogan@yahoo.com,Istanbul,1994-08-28
750,Fatma Tan,fatmatan@hotmail.com;fatmatan@outlook.com;fatmatan@metu.edu.tr;fatmatan@gmail.com;fatmatan@csystem.org,Uskudar,1976-08-30
751,Selim Ozkan,selimozkan@iyte.edu.tr;selimozkan@boun.edu.tr,Izmir,1975-06-03
752,Sinan Sahin,sinansahin@metu.edu.tr;sinansahin@hotmail.com,Trabzon,1975-06-17
753,Leyla Kaplan,leylakaplan@outlook.com;leylakaplan@gmail.com;leylakaplan@iyte.edu.tr;leylakaplan@metu.edu.tr,Samsun,1992-10-25
754,Mehmet Boz,mehmetboz@csystem.org;mehmetboz@metu.edu.tr;mehmetboz@iyte.edu.tr;mehmetboz@outlook.com,Gaziantep,1995-07-30
755,Neslihan Aslan,neslihanaslan@iyte.edu.tr;neslihanaslan@yahoo.com;neslihanaslan@metu.edu.tr;neslihanaslan@outlook.com;neslihanaslan@boun.edu.tr,Esenler,1973-04-26
756,Gulsen Yuce,gulsenyuce@hotmail.com;gulsenyuce@csystem.org,Antalya,1992-06-19
757,Murat Acar,muratacar@iyte.edu.tr;muratacar@outlook.com;muratacar@gmail.com,Umraniye,1979-05-07
758,Pinar Bulut,pinarbulut@hotmail.com;pinarbulut@iyte.edu.tr;pinarbulut@csystem.org,Sultangazi,1973-03-19
759,Berk Yildiz,berkyildiz@metu.edu.tr;berkyildiz@boun.edu.tr;berkyildiz@csystem.org;berkyildiz@hotmail.com;berkyildiz@yahoo.com,Trabzon,1967-10-01
760,Cem Kurt,cemkurt@hotmail.com,Kadikoy,1991-01-11
761,Zeynep Sahin,zeynepsahin@boun.edu.tr,Sariyer,1988-06-22
762,Tolga Toprak,tolgatoprak@csystem.org;tolgatoprak@gmail.com;tolgatoprak@yahoo.com;tolgatoprak@hotmail.com;tolgatoprak@boun.edu.tr,Istanbul,2000-04-28
763,Elif Boz,elifboz@metu.edu.tr,Bagcilar,1960-04-13
764,Ali Cetin,alicetin@boun.edu.tr;alicetin@metu.edu.tr;alicetin@yahoo.com;alicetin@gmail.com;alicetin@iyte.edu.tr,Kadikoy,1973-07-07
765,Derya Demir,deryademir@hotmail.com;deryademir@gmail.com,Kartal,1958-10-09
766,Zeynep Toprak,zeyneptoprak@yahoo.com;zeyneptoprak@csystem.org,Kartal,2000-11-15
767,Tarik Duman,tarikduman@hotmail.com;tarikduman@metu.edu.tr;tarikduman@boun.edu.tr;tarikduman@csystem.org,Denizli,1980-03-16
768,Volkan Ozdemir,volkanozdemir@metu.edu.tr;volkanozdemir@yahoo.com,Bayrampaса,1980-03-15
769,Emre Yuce,emreyuce@iyte.edu.tr;emreyuce@outlook.com;emreyuce@metu.edu.tr,Mersin,1991-05-27
770,Emre Ozkan,emreozkan@outlook.com;emreozkan@metu.edu.tr,Umraniye,1969-04-02
771,Leyla Erdogan,leylaerdogan@metu.edu.tr;leylaerdogan@outlook.com;leylaerdogan@boun.edu.tr,Istanbul,1990-07-18
772,Mehmet Acar,mehmetacar@gmail.com;mehmetacar@csystem.org;mehmetacar@hotmail.com;mehmetacar@yahoo.com;mehmetacar@metu.edu.tr,Eskisehir,1971-01-17
773,Busra Yuce,busrayuce@yahoo.com;busrayuce@gmail.com;busrayuce@boun.edu.tr;busrayuce@outlook.com;busrayuce@metu.edu.tr,Antalya,1955-09-16
774,Serkan Sen,serkansen@outlook.com;serkansen@yahoo.com,Bagcilar,1991-03-17
775,Derya Celik,deryacelik@boun.edu.tr;deryacelik@csystem.org;deryacelik@hotmail.com;deryacelik@gmail.com;deryacelik@yahoo.com,Bagcilar,1953-10-17
776,Huseyin Ozkan,huseyinozkan@gmail.com;huseyinozkan@iyte.edu.tr;huseyinozkan@csystem.org,Denizli,1998-08-24
777,Hasan Kaya,hasankaya@iyte.edu.tr;hasankaya@boun.edu.tr;hasankaya@outlook.com,Mersin,1982-06-23
778,Ibrahim Aktas,ibrahimaktas@gmail.com;ibrahimaktas@iyte.edu.tr;ibrahimaktas@boun.edu.tr;ibrahimaktas@outlook.com;ibrahimaktas@metu.edu.tr,Eskisehir,1965-01-19
779,Emre Kose,emrekose@yahoo.com;emrekose@metu.edu.tr;emrekose@csystem.org;emrekose@hotmail.com;emrekose@iyte.edu.tr,Ankara,1964-08-13
780,Gulsen Erol,gulsenerol@hotmail.com;gulsenerol@metu.edu.tr;gulsenerol@outlook.com;gulsenerol@yahoo.com;gulsenerol@iyte.edu.tr,Antalya,1959-12-10
781,Hasan Ucar,hasanucar@gmail.com;hasanucar@csystem.org;hasanucar@outlook.com;hasanucar@yahoo.com;hasanucar@metu.edu.tr,Denizli,1999-09-17
782,Volkan Ersoy,volkanersoy@yahoo.com;volkanersoy@outlook.com,Besiktas,1991-10-04
783,Zeynep Boz,zeynepboz@outlook.com;zeynepboz@csystem.org;zeynepboz@boun.edu.tr;zeynepboz@iyte.edu.tr,Konya,1958-10-17
784,Emre Erol,emreerol@hotmail.com,Sariyer,1978-05-28
785,Cem Ersoy,cemersoy@iyte.edu.tr;cemersoy@hotmail.com;cemersoy@yahoo.com,Samsun,1995-07-10
786,Tarik Turk,tarikturk@yahoo.com;tarikturk@outlook.com;tarikturk@gmail.com;tarikturk@hotmail.com,Gaziantep,1966-05-02
787,Serkan Ozturk,serkanozturk@hotmail.com,Kartal,1990-03-10
788,Selin Karan,selinkaran@hotmail.com;selinkaran@yahoo.com;selinkaran@outlook.com,Gaziosmanpasa,1971-05-25
789,Ahmet Ozdemir,ahmetozdemir@outlook.com;ahmetozdemir@hotmail.com,Besiktas,1979-04-30
790,Ozlem Toprak,ozlemtoprak@csystem.org,Adana,1977-03-31
791,Ali Acar,aliacar@csystem.org;aliacar@gmail.com,Riva,1950-02-07
792,Ahmet Acar,ahmetacar@outlook.com;ahmetacar@metu.edu.tr;ahmetacar@csystem.org;ahmetacar@gmail.com,Bayrampaса,1968-02-20
793,Hasan Aslan,hasanaslan@metu.edu.tr;hasanaslan@csystem.org,Eyup,1978-09-05
794,Ahmet Yilmaz,ahmetyilmaz@csystem.org;ahmetyilmaz@yahoo.com,Gaziosmanpasa,1999-11-12
795,Deniz Koc,denizkoc@iyte.edu.tr,Sariyer,1952-05-31
796,Derya Bulut,deryabulut@csystem.org;deryabulut@boun.edu.tr;deryabulut@gmail.com;deryabulut@yahoo.com;deryabulut@outlook.com,Bayrampaса,1973-04-01
797,Busra Aktas,busraaktas@iyte.edu.tr;busraaktas@outlook.com,Sariyer,1957-09-07
798,Yusuf Celik,yusufcelik@outlook.com;yusufcelik@metu.edu.tr;yusufcelik@hotmail.com;yusufcelik@csystem.org,Antalya,1994-01-31
799,Can Polat,canpolat@iyte.edu.tr;canpolat@outlook.com;canpolat@csystem.org;canpolat@hotmail.com;canpolat@metu.edu.tr,Bakirkoy,1964-08-06
800,Yusuf Sen,yusufsen@outlook.com;yusufsen@boun.edu.tr;yusufsen@hotmail.com;yusufsen@yahoo.com;yusufsen@iyte.edu.tr,Mersin,1979-04-09
801,Fatma Kurt,fatmakurt@hotmail.com,Adana,1990-11-06
802,Emre Ozturk,emreozturk@iyte.edu.tr,Bayrampaса,1979-06-16
803,Cem Tekin,cemtekin@metu.edu.tr;cemtekin@iyte.edu.tr;cemtekin@boun.edu.tr,Eyup,1990-09-29
804,Busra Ozturk,busraozturk@hotmail.com;busraozturk@metu.edu.tr,Adana,1988-09-08
805,Gulsen Aktas,gulsenaktas@gmail.com;gulsenaktas@yahoo.com,Izmir,1991-02-12
806,Selim Cetin,selimcetin@boun.edu.tr;selimcetin@outlook.com,Gaziosmanpasa,1986-07-22
807,Zeynep Aktas,zeynepaktas@boun.edu.tr,Umraniye,1992-01-01
808,Oguz Tan,oguztan@outlook.com;oguztan@iyte.edu.tr;oguztan@boun.edu.tr;oguztan@hotmail.com,Umraniye,1958-07-28
809,Pinar Boz,pinarboz@metu.edu.tr;pinarboz@hotmail.com;pinarboz@outlook.com,Denizli,2000-04-29
810,Mehmet Ozkan,mehmetozkan@iyte.edu.tr;mehmetozkan@outlook.com;mehmetozkan@csystem.org;mehmetozkan@metu.edu.tr,Maltepe,1973-06-17
811,Mehmet Toprak,mehmettoprak@metu.edu.tr,Riva,1992-06-25
812,Erhan Kose,erhankose@gmail.com;erhankose@csystem.org;erhankose@outlook.com;erhankose@boun.edu.tr,Umraniye,1984-09-27
813,Ali Yildiz,aliyildiz@metu.edu.tr;aliyildiz@outlook.com;aliyildiz@yahoo.com,Umraniye,1975-11-26
814,Selin Turk,selinturk@yahoo.com,Riva,1989-05-29
815,Murat Celik,muratcelik@hotmail.com;muratcelik@metu.edu.tr;muratcelik@csystem.org;muratcelik@iyte.edu.tr;muratcelik@boun.edu.tr,Denizli,1966-07-12
816,Murat Arslan,muratarslan@metu.edu.tr;muratarslan@csystem.org,Bayrampaса,1996-04-10
817,Zeynep Duman,zeynepduman@csystem.org,Trabzon,1964-08-11
818,Fatma Dogan,fatmadogan@hotmail.com,Pendik,1983-12-21
819,Fatma Ozdemir,fatmaozdemir@yahoo.com;fatmaozdemir@hotmail.com;fatmaozdemir@boun.edu.tr;fatmaozdemir@iyte.edu.tr;fatmaozdemir@gmail.com,Mersin,1960-06-09
820,Derya Polat,deryapolat@csystem.org;deryapolat@iyte.edu.tr;deryapolat@hotmail.com;deryapolat@gmail.com,Bayrampaса,1966-01-23
821,Meryem Karan,meryemkaran@metu.edu.tr;meryemkaran@boun.edu.tr;meryemkaran@outlook.com;meryemkaran@csystem.org,Bagcilar,1996-12-18
822,Oguz Ozkan,oguzozkan@outlook.com;oguzozkan@hotmail.com;oguzozkan@csystem.org;oguzozkan@metu.edu.tr,Riva,1953-03-15
823,Emine Yuce,emineyuce@outlook.com;emineyuce@gmail.com;emineyuce@hotmail.com,Antalya,1979-08-06
824,Ali Kaplan,alikaplan@yahoo.com,Esenler,1971-07-15
825,Gulsen Polat,gulsenpolat@hotmail.com;gulsenpolat@gmail.com;gulsenpolat@boun.edu.tr,Mersin,1988-06-03
826,Burak Sen,buraksen@gmail.com;buraksen@metu.edu.tr;buraksen@yahoo.com,Trabzon,1972-07-12
827,Serkan Gunes,serkangunes@boun.edu.tr,Sultangazi,1983-08-28
828,Busra Ozdemir,busraozdemir@boun.edu.tr;busraozdemir@csystem.org;busraozdemir@hotmail.com;busraozdemir@iyte.edu.tr;busraozdemir@gmail.com,Bursa,1995-10-10
829,Neslihan Toprak,neslihantoprak@metu.edu.tr,Kartal,1976-06-04
830,Gulsen Acar,gulsenacar@iyte.edu.tr;gulsenacar@yahoo.com;gulsenacar@csystem.org;gulsenacar@metu.edu.tr,Maltepe,1963-06-22
831,Tarik Aydin,tarikaydin@metu.edu.tr;tarikaydin@csystem.org;tarikaydin@iyte.edu.tr;tarikaydin@outlook.com;tarikaydin@boun.edu.tr,Bagcilar,1958-02-24
832,Hatice Acar,haticeacar@gmail.com;haticeacar@metu.edu.tr,Istanbul,1976-04-16
833,Burak Dogan,burakdogan@boun.edu.tr;burakdogan@outlook.com,Ankara,1984-06-15
834,Selin Erdogan,selinerdogan@csystem.org,Eskisehir,1981-02-11
835,Emre Karan,emrekaran@iyte.edu.tr,Trabzon,1981-08-06
836,Ayse Yildiz,ayseyildiz@iyte.edu.tr;ayseyildiz@metu.edu.tr;ayseyildiz@outlook.com,Eyup,1978-07-25
837,Omer Duman,omerduman@iyte.edu.tr;omerduman@outlook.com;omerduman@boun.edu.tr;omerduman@gmail.com;omerduman@yahoo.com,Uskudar,1994-12-18
838,Busra Arslan,busraarslan@boun.edu.tr;busraarslan@iyte.edu.tr;busraarslan@csystem.org,Sultangazi,1988-10-25
839,Fatma Erol,fatmaerol@boun.edu.tr;fatmaerol@hotmail.com;fatmaerol@csystem.org;fatmaerol@gmail.com;fatmaerol@yahoo.com,Pendik,1951-09-10
840,Emre Yilmaz,emreyilmaz@boun.edu.tr;emreyilmaz@gmail.com;emreyilmaz@outlook.com,Bayrampaса,1994-05-01
841,Ibrahim Cetin,ibrahimcetin@outlook.com,Eyup,1988-06-30
842,Volkan Arslan,volkanarslan@yahoo.com;volkanarslan@hotmail.com;volkanarslan@metu.edu.tr;volkanarslan@outlook.com,Kartal,1965-01-18
843,Yusuf Guler,yusufguler@metu.edu.tr,Denizli,1965-05-23
844,Oguz Polat,oguzpolat@hotmail.com,Trabzon,1967-05-15
845,Derya Arslan,deryaarslan@csystem.org;deryaarslan@iyte.edu.tr;deryaarslan@hotmail.com;deryaarslan@yahoo.com;deryaarslan@boun.edu.tr,Gaziantep,1953-10-19
846,Ibrahim Karan,ibrahimkaran@hotmail.com;ibrahimkaran@metu.edu.tr;ibrahimkaran@csystem.org;ibrahimkaran@yahoo.com;ibrahimkaran@iyte.edu.tr,Kayseri,1953-03-05
847,Omer Acar,omeracar@outlook.com;omeracar@hotmail.com;omeracar@gmail.com;omeracar@yahoo.com;omeracar@csystem.org,Besiktas,1963-01-27
848,Murat Kaya,muratkaya@gmail.com;muratkaya@outlook.com,Bayrampaса,1994-04-24
849,Hasan Ersoy,hasanersoy@yahoo.com;hasanersoy@iyte.edu.tr;hasanersoy@csystem.org;hasanersoy@boun.edu.tr,Bakirkoy,1992-10-30
850,Murat Turk,muratturk@csystem.org;muratturk@yahoo.com;muratturk@hotmail.com,Pendik,1976-01-27
851,Sinan Celik,sinancelik@yahoo.com;sinancelik@gmail.com;sinancelik@iyte.edu.tr;sinancelik@outlook.com,Bursa,1982-08-16
852,Burak Polat,burakpolat@metu.edu.tr;burakpolat@hotmail.com;burakpolat@boun.edu.tr;burakpolat@iyte.edu.tr,Esenler,1991-09-20
853,Emre Duman,emreduman@gmail.com;emreduman@metu.edu.tr;emreduman@outlook.com;emreduman@boun.edu.tr,Samsun,1970-06-27
854,Selim Duman,selimduman@csystem.org;selimduman@boun.edu.tr,Samsun,1988-05-27
855,Yusuf Ay,yusufay@boun.edu.tr,Sultangazi,1988-09-03
856,Derya Kose,deryakose@boun.edu.tr;deryakose@csystem.org;deryakose@outlook.com;deryakose@hotmail.com,Maltepe,2000-10-29
857,Fatma Ucar,fatmaucar@hotmail.com;fatmaucar@yahoo.com;fatmaucar@metu.edu.tr;fatmaucar@csystem.org,Mersin,1980-01-27
858,Can Erol,canerol@outlook.com;canerol@hotmail.com;canerol@iyte.edu.tr,Sariyer,1977-11-19
859,Tolga Dogan,tolgadogan@metu.edu.tr;tolgadogan@yahoo.com;tolgadogan@csystem.org;tolgadogan@gmail.com;tolgadogan@outlook.com,Adana,1984-11-19
860,Derya Korkmaz,deryakorkmaz@hotmail.com,Sariyer,1969-02-07
861,Gulsen Gunes,gulsengunes@metu.edu.tr;gulsengunes@iyte.edu.tr;gulsengunes@boun.edu.tr,Ankara,1970-11-02
862,Oguz Ozturk,oguzozturk@metu.edu.tr;oguzozturk@csystem.org,Eskisehir,1959-11-21
863,Zeynep Guler,zeynepguler@csystem.org;zeynepguler@metu.edu.tr;zeynepguler@iyte.edu.tr,Eskisehir,1998-08-18
864,Can Kaplan,cankaplan@gmail.com,Maltepe,1976-01-07
865,Tarik Dogan,tarikdogan@gmail.com;tarikdogan@hotmail.com;tarikdogan@outlook.com,Pendik,1964-02-01
866,Ozlem Korkmaz,ozlemkorkmaz@boun.edu.tr;ozlemkorkmaz@outlook.com;ozlemkorkmaz@metu.edu.tr,Mersin,1991-03-03
867,Sinan Guler,sinanguler@metu.edu.tr;sinanguler@hotmail.com,Gaziantep,1964-07-01
868,Serkan Tekin,serkantekin@csystem.org;serkantekin@boun.edu.tr,Sariyer,1995-03-22
869,Yusuf Aydin,yusufaydin@hotmail.com,Bakirkoy,1990-05-22
870,Ahmet Ozturk,ahmetozturk@boun.edu.tr;ahmetozturk@hotmail.com;ahmetozturk@gmail.com;ahmetozturk@metu.edu.tr,Bakirkoy,1950-01-10
871,Cem Duman,cemduman@boun.edu.tr;cemduman@csystem.org;cemduman@hotmail.com;cemduman@outlook.com;cemduman@metu.edu.tr,Besiktas,1970-01-10
872,Tarik Aktas,tarikaktas@boun.edu.tr;tarikaktas@csystem.org,Istanbul,1977-02-26
873,Neslihan Boz,neslihanboz@csystem.org;neslihanboz@outlook.com,Eyup,1965-09-20
874,Serkan Yilmaz,serkanyilmaz@metu.edu.tr,Pendik,1954-07-27
875,Serkan Dogan,serkandogan@metu.edu.tr;serkandogan@iyte.edu.tr;serkandogan@gmail.com;serkandogan@hotmail.com;serkandogan@yahoo.com,Riva,1998-04-29
876,Erhan Celik,erhancelik@hotmail.com;erhancelik@metu.edu.tr;erhancelik@outlook.com;erhancelik@gmail.com;erhancelik@yahoo.com,Maltepe,1987-02-09
877,Ali Ozdemir,aliozdemir@gmail.com;aliozdemir@outlook.com;aliozdemir@boun.edu.tr;aliozdemir@csystem.org;aliozdemir@iyte.edu.tr,Uskudar,1995-07-01
878,Tarik Acar,tarikacar@yahoo.com;tarikacar@gmail.com;tarikacar@iyte.edu.tr,Eyup,1987-08-02
879,Neslihan Erdogan,neslihanerdogan@metu.edu.tr,Uskudar,1963-11-18
880,Selin Boz,selinboz@yahoo.com,Kadikoy,1988-03-15
881,Busra Erdogan,busraerdogan@hotmail.com,Maltepe,1972-02-21
882,Omer Bozkurt,omerbozkurt@yahoo.com;omerbozkurt@metu.edu.tr;omerbozkurt@iyte.edu.tr,Konya,1982-10-30
883,Tolga Aslan,tolgaaslan@gmail.com;tolgaaslan@yahoo.com;tolgaaslan@metu.edu.tr;tolgaaslan@hotmail.com;tolgaaslan@csystem.org,Sultangazi,1952-11-14
884,Berk Bulut,berkbulut@yahoo.com;berkbulut@hotmail.com;berkbulut@csystem.org;berkbulut@metu.edu.tr,Ankara,1996-01-11
885,Selim Polat,selimpolat@outlook.com;selimpolat@metu.edu.tr;selimpolat@iyte.edu.tr;selimpolat@boun.edu.tr,Gaziosmanpasa,1961-09-16
886,Meryem Ozturk,meryemozturk@boun.edu.tr;meryemozturk@gmail.com;meryemozturk@yahoo.com;meryemozturk@outlook.com;meryemozturk@csystem.org,Sariyer,1969-04-30
887,Emre Toprak,emretoprak@hotmail.com,Eyup,1971-12-12
888,Can Turk,canturk@iyte.edu.tr;canturk@yahoo.com;canturk@boun.edu.tr,Bagcilar,1973-11-01
889,Burak Bulut,burakbulut@outlook.com;burakbulut@csystem.org;burakbulut@yahoo.com;burakbulut@hotmail.com;burakbulut@iyte.edu.tr,Besiktas,1976-09-26
890,Mustafa Karan,mustafakaran@hotmail.com;mustafakaran@csystem.org;mustafakaran@gmail.com;mustafakaran@outlook.com,Samsun,1978-02-18
891,Ali Ozkan,aliozkan@hotmail.com;aliozkan@iyte.edu.tr,Bursa,1988-02-03
892,Yusuf Gunes,yusufgunes@yahoo.com;yusufgunes@gmail.com;yusufgunes@iyte.edu.tr;yusufgunes@hotmail.com;yusufgunes@metu.edu.tr,Eskisehir,1972-11-09
893,Meryem Koc,meryemkoc@csystem.org,Umraniye,1960-10-07
894,Berk Ozdemir,berkozdemir@csystem.org,Sultangazi,1981-04-23
895,Murat Demir,muratdemir@outlook.com;muratdemir@csystem.org;muratdemir@metu.edu.tr;muratdemir@hotmail.com,Bakirkoy,1979-05-02
896,Tolga Sahin,tolgasahin@boun.edu.tr;tolgasahin@hotmail.com,Maltepe,1975-03-17
897,Huseyin Bozkurt,huseyinbozkurt@hotmail.com;huseyinbozkurt@gmail.com;huseyinbozkurt@boun.edu.tr,Izmir,1965-04-16
898,Tolga Ozturk,tolgaozturk@gmail.com,Sariyer,1951-03-18
899,Omer Ozdemir,omerozdemir@gmail.com;omerozdemir@csystem.org;omerozdemir@iyte.edu.tr;omerozdemir@outlook.com,Gaziosmanpasa,1988-07-08
900,Can Korkmaz,cankorkmaz@outlook.com,Istanbul,1957-07-09
901,Deniz Kaya,denizkaya@iyte.edu.tr,Besiktas,2000-11-07
902,Kemal Celik,kemalcelik@csystem.org;kemalcelik@iyte.edu.tr;kemalcelik@hotmail.com;kemalcelik@boun.edu.tr,Besiktas,1994-08-13
903,Berk Sahin,berksahin@metu.edu.tr;berksahin@gmail.com;berksahin@iyte.edu.tr,Riva,1976-01-13
904,Berk Demir,berkdemir@csystem.org;berkdemir@outlook.com;berkdemir@metu.edu.tr;berkdemir@boun.edu.tr;berkdemir@gmail.com,Ankara,1986-09-04
905,Kemal Kaya,kemalkaya@gmail.com;kemalkaya@outlook.com;kemalkaya@metu.edu.tr,Gaziantep,1985-05-17
906,Ahmet Ucar,ahmetucar@gmail.com;ahmetucar@hotmail.com;ahmetucar@iyte.edu.tr;ahmetucar@boun.edu.tr;ahmetucar@metu.edu.tr,Adana,1995-10-29
907,Ali Polat,alipolat@metu.edu.tr,Maltepe,1963-03-26
908,Ibrahim Boz,ibrahimboz@outlook.com;ibrahimboz@gmail.com;ibrahimboz@hotmail.com;ibrahimboz@metu.edu.tr;ibrahimboz@yahoo.com,Bagcilar,1996-07-22
909,Mustafa Dogan,mustafadogan@yahoo.com;mustafadogan@boun.edu.tr;mustafadogan@outlook.com,Adana,1996-05-14
910,Serkan Yuce,serkanyuce@metu.edu.tr;serkanyuce@hotmail.com,Eyup,1968-05-15
911,Ozlem Yilmaz,ozlemyilmaz@hotmail.com;ozlemyilmaz@boun.edu.tr,Esenler,1981-08-05
912,Pinar Gunes,pinargunes@gmail.com;pinargunes@outlook.com,Izmir,1986-03-17
913,Ayse Celik,aysecelik@csystem.org;aysecelik@outlook.com;aysecelik@iyte.edu.tr;aysecelik@boun.edu.tr;aysecelik@hotmail.com,Gaziantep,1959-10-02
914,Omer Tan,omertan@metu.edu.tr;omertan@outlook.com;omertan@hotmail.com;omertan@iyte.edu.tr;omertan@gmail.com,Maltepe,1957-06-26
915,Derya Kaplan,deryakaplan@gmail.com;deryakaplan@csystem.org;deryakaplan@hotmail.com;deryakaplan@iyte.edu.tr,Bursa,1977-05-05
916,Erhan Sahin,erhansahin@iyte.edu.tr;erhansahin@boun.edu.tr;erhansahin@csystem.org;erhansahin@metu.edu.tr;erhansahin@hotmail.com,Riva,1958-08-21
917,Elif Tan,eliftan@outlook.com,Bursa,1968-05-03
918,Fatma Arslan,fatmaarslan@hotmail.com;fatmaarslan@gmail.com;fatmaarslan@metu.edu.tr;fatmaarslan@outlook.com,Uskudar,1990-01-02
919,Cem Yildiz,cemyildiz@outlook.com;cemyildiz@boun.edu.tr;cemyildiz@gmail.com,Trabzon,1986-02-05
920,Hatice Sahin,haticesahin@boun.edu.tr;haticesahin@metu.edu.tr,Gaziantep,1957-05-24
921,Ali Ersoy,aliersoy@outlook.com;aliersoy@csystem.org,Riva,1956-09-06
922,Tarik Tan,tariktan@iyte.edu.tr;tariktan@hotmail.com,Ankara,1980-01-14
923,Burak Tekin,buraktekin@iyte.edu.tr;buraktekin@hotmail.com,Bayrampaса,1955-09-30
924,Fatma Turk,fatmaturk@outlook.com;fatmaturk@gmail.com,Mersin,1975-11-04
925,Erhan Boz,erhanboz@metu.edu.tr;erhanboz@boun.edu.tr,Riva,1977-03-06
926,Busra Karan,busrakaran@outlook.com;busrakaran@hotmail.com;busrakaran@yahoo.com;busrakaran@metu.edu.tr,Uskudar,1986-05-27
927,Hatice Sen,haticesen@gmail.com;haticesen@outlook.com,Ankara,1974-10-13
928,Mehmet Ucar,mehmetucar@gmail.com;mehmetucar@outlook.com;mehmetucar@csystem.org;mehmetucar@boun.edu.tr;mehmetucar@iyte.edu.tr,Bagcilar,1972-02-26
929,Tolga Bulut,tolgabulut@gmail.com,Pendik,1992-07-09
930,Cem Guler,cemguler@iyte.edu.tr;cemguler@yahoo.com,Konya,1993-11-24
931,Hasan Arslan,hasanarslan@csystem.org;hasanarslan@hotmail.com;hasanarslan@iyte.edu.tr;hasanarslan@outlook.com,Esenler,1952-09-14
932,Neslihan Sen,neslihansen@metu.edu.tr,Riva,1958-12-10
933,Yusuf Korkmaz,yusufkorkmaz@iyte.edu.tr;yusufkorkmaz@metu.edu.tr,Riva,1993-03-28
934,Selin Ersoy,selinersoy@outlook.com;selinersoy@boun.edu.tr;selinersoy@iyte.edu.tr,Izmir,1956-06-18
935,Ali Ay,aliay@gmail.com;aliay@metu.edu.tr;aliay@outlook.com,Samsun,1972-05-11
936,Serkan Aslan,serkanaslan@hotmail.com;serkanaslan@csystem.org;serkanaslan@iyte.edu.tr;serkanaslan@metu.edu.tr;serkanaslan@boun.edu.tr,Trabzon,1963-01-29
937,Emine Kose,eminekose@metu.edu.tr,Kartal,1983-12-05
938,Hatice Kurt,haticekurt@csystem.org;haticekurt@metu.edu.tr;haticekurt@iyte.edu.tr,Mersin,1966-11-16
939,Busra Kaya,busrakaya@iyte.edu.tr,Samsun,1975-11-10
940,Murat Boz,muratboz@hotmail.com;muratboz@outlook.com;muratboz@iyte.edu.tr;muratboz@csystem.org;muratboz@yahoo.com,Riva,1988-11-28
941,Burak Celik,burakcelik@boun.edu.tr,Bayrampaса,1988-12-10
942,Ayse Acar,ayseacar@hotmail.com,Adana,1988-02-08
943,Erhan Arslan,erhanarslan@boun.edu.tr;erhanarslan@iyte.edu.tr;erhanarslan@csystem.org,Eyup,1956-01-16
944,Tarik Tekin,tariktekin@gmail.com;tariktekin@yahoo.com;tariktekin@hotmail.com;tariktekin@metu.edu.tr,Istanbul,1959-10-02
945,Hatice Toprak,haticetoprak@boun.edu.tr;haticetoprak@csystem.org;haticetoprak@yahoo.com,Bakirkoy,1974-08-04
946,Neslihan Aydin,neslihanaydin@yahoo.com;neslihanaydin@boun.edu.tr;neslihanaydin@metu.edu.tr,Konya,1998-11-02
947,Selin Kaya,selinkaya@iyte.edu.tr;selinkaya@yahoo.com,Riva,1994-08-17
948,Fatma Kose,fatmakose@yahoo.com;fatmakose@hotmail.com;fatmakose@iyte.edu.tr,Pendik,1954-05-17
949,Emine Dogan,eminedogan@iyte.edu.tr,Uskudar,1995-03-06
950,Yusuf Bozkurt,yusufbozkurt@iyte.edu.tr;yusufbozkurt@hotmail.com;yusufbozkurt@boun.edu.tr,Besiktas,1987-04-06
951,Sinan Koc,sinankoc@csystem.org;sinankoc@gmail.com;sinankoc@boun.edu.tr;sinankoc@outlook.com;sinankoc@metu.edu.tr,Umraniye,1966-06-26
952,Murat Ozdemir,muratozdemir@metu.edu.tr,Bayrampaса,1992-11-29
953,Mehmet Aydin,mehmetaydin@hotmail.com;mehmetaydin@yahoo.com;mehmetaydin@gmail.com;mehmetaydin@outlook.com;mehmetaydin@metu.edu.tr,Riva,1957-11-28
954,Tarik Celik,tarikcelik@gmail.com;tarikcelik@csystem.org;tarikcelik@iyte.edu.tr,Gaziantep,1990-09-05
955,Hatice Tan,haticetan@gmail.com;haticetan@metu.edu.tr,Besiktas,2000-01-04
956,Deniz Ozturk,denizozturk@iyte.edu.tr;denizozturk@outlook.com;denizozturk@yahoo.com;denizozturk@gmail.com,Eskisehir,1998-04-04
957,Selin Koc,selinkoc@boun.edu.tr;selinkoc@hotmail.com;selinkoc@csystem.org;selinkoc@iyte.edu.tr,Izmir,1983-04-24
958,Derya Ucar,deryaucar@iyte.edu.tr;deryaucar@gmail.com;deryaucar@csystem.org;deryaucar@outlook.com;deryaucar@boun.edu.tr,Istanbul,1956-10-04
959,Zeynep Aslan,zeynepaslan@csystem.org;zeynepaslan@metu.edu.tr;zeynepaslan@outlook.com;zeynepaslan@gmail.com,Sultangazi,1967-08-22
960,Meryem Polat,meryempolat@hotmail.com;meryempolat@iyte.edu.tr;meryempolat@boun.edu.tr;meryempolat@yahoo.com,Mersin,1980-02-10
961,Emine Arslan,eminearslan@csystem.org,Gaziosmanpasa,1963-07-01
962,Mustafa Ozkan,mustafaozkan@metu.edu.tr;mustafaozkan@csystem.org;mustafaozkan@outlook.com,Esenler,1986-08-27
963,Volkan Erol,volkanerol@csystem.org,Adana,1991-04-15
964,Ozlem Kaya,ozlemkaya@iyte.edu.tr;ozlemkaya@outlook.com,Bayrampaса,1999-10-16
965,Yusuf Kaplan,yusufkaplan@gmail.com;yusufkaplan@yahoo.com,Samsun,1997-01-07
966,Cem Kaplan,cemkaplan@csystem.org,Eskisehir,1987-01-03
967,Volkan Yildiz,volkanyildiz@hotmail.com;volkanyildiz@csystem.org,Umraniye,1978-02-11
968,Emre Kurt,emrekurt@csystem.org;emrekurt@iyte.edu.tr;emrekurt@boun.edu.tr,Pendik,1989-06-26
969,Sinan Sen,sinansen@yahoo.com;sinansen@gmail.com;sinansen@hotmail.com,Kadikoy,1952-01-30
970,Selin Cetin,selincetin@boun.edu.tr;selincetin@yahoo.com;selincetin@hotmail.com;selincetin@gmail.com,Gaziantep,1971-04-04
971,Omer Ay,omeray@outlook.com;omeray@boun.edu.tr,Bayrampaса,1984-09-06
972,Leyla Dogan,leyladogan@metu.edu.tr;leyladogan@gmail.com;leyladogan@boun.edu.tr;leyladogan@hotmail.com,Eyup,1957-02-27
973,Erhan Ozdemir,erhanozdemir@csystem.org;erhanozdemir@gmail.com,Kartal,1960-06-14
974,Can Dogan,candogan@gmail.com,Umraniye,1957-07-15
975,Selim Ersoy,selimersoy@outlook.com,Bursa,1983-09-13
976,Mustafa Polat,mustafapolat@hotmail.com,Bagcilar,1970-04-12
977,Ibrahim Ozkan,ibrahimozkan@outlook.com;ibrahimozkan@hotmail.com,Sariyer,1952-02-24
978,Tarik Arslan,tarikarslan@yahoo.com,Esenler,1957-01-10
979,Busra Sen,busrasen@iyte.edu.tr;busrasen@hotmail.com;busrasen@csystem.org,Umraniye,1998-03-31
980,Ozlem Karan,ozlemkaran@outlook.com;ozlemkaran@iyte.edu.tr;ozlemkaran@hotmail.com;ozlemkaran@yahoo.com;ozlemkaran@boun.edu.tr,Bayrampaса,1975-07-16
981,Sinan Karan,sinankaran@outlook.com,Eyup,1950-03-01
982,Volkan Ucar,volkanucar@yahoo.com;volkanucar@outlook.com;volkanucar@iyte.edu.tr,Bursa,1979-04-12
983,Ayse Kaplan,aysekaplan@boun.edu.tr;aysekaplan@hotmail.com;aysekaplan@csystem.org;aysekaplan@metu.edu.tr,Mersin,1989-02-03
984,Ibrahim Kurt,ibrahimkurt@metu.edu.tr,Bursa,1996-10-20
985,Tolga Cetin,tolgacetin@gmail.com;tolgacetin@metu.edu.tr;tolgacetin@yahoo.com,Gaziosmanpasa,1956-05-27
986,Murat Aktas,murataktas@boun.edu.tr;murataktas@yahoo.com;murataktas@outlook.com;murataktas@hotmail.com;murataktas@gmail.com,Bayrampaса,1965-03-12
987,Ayse Karan,aysekaran@hotmail.com;aysekaran@outlook.com;aysekaran@boun.edu.tr;aysekaran@csystem.org,Sariyer,1950-03-17
988,Omer Korkmaz,omerkorkmaz@hotmail.com;omerkorkmaz@iyte.edu.tr;omerkorkmaz@metu.edu.tr;omerkorkmaz@gmail.com,Samsun,1982-04-10
989,Zeynep Ozdemir,zeynepozdemir@boun.edu.tr;zeynepozdemir@gmail.com,Konya,1966-12-19
990,Can Boz,canboz@csystem.org;canboz@boun.edu.tr;canboz@iyte.edu.tr,Denizli,1994-01-25
991,Tarik Ucar,tarikucar@boun.edu.tr;tarikucar@outlook.com;tarikucar@csystem.org;tarikucar@yahoo.com;tarikucar@hotmail.com,Umraniye,1950-04-22
992,Burak Sahin,buraksahin@csystem.org,Gaziosmanpasa,1993-04-01
993,Tolga Aktas,tolgaaktas@gmail.com;tolgaaktas@metu.edu.tr,Kartal,1980-10-12
994,Gulsen Kurt,gulsenkurt@csystem.org;gulsenkurt@metu.edu.tr,Maltepe,1956-06-17
995,Huseyin Demir,huseyindemir@metu.edu.tr;huseyindemir@boun.edu.tr;huseyindemir@outlook.com;huseyindemir@hotmail.com;huseyindemir@yahoo.com,Sariyer,1984-02-25
996,Tolga Boz,tolgaboz@csystem.org;tolgaboz@metu.edu.tr;tolgaboz@yahoo.com;tolgaboz@boun.edu.tr;tolgaboz@gmail.com,Umraniye,1964-12-03
997,Mehmet Ersoy,mehmetersoy@boun.edu.tr,Riva,1976-10-07
998,Emre Gunes,emregunes@metu.edu.tr;emregunes@gmail.com;emregunes@boun.edu.tr;emregunes@hotmail.com,Besiktas,1972-11-11
999,Deniz Erdogan,denizerdogan@boun.edu.tr;denizerdogan@csystem.org;denizerdogan@iyte.edu.tr;denizerdogan@yahoo.com,Umraniye,1958-06-30
1000,Ali Arslan,aliarslan@gmail.com;aliarslan@hotmail.com;aliarslan@yahoo.com;aliarslan@iyte.edu.tr;aliarslan@metu.edu.tr,Umraniye,1993-03-27
